<?xml version="1.0" encoding="utf-8"?>
<odoo>
    <data noupdate="0">
        <!-- structure type -->
        <record id="structure_type_a_s_e_p_co" model="hr.payroll.structure.type">
            <field name="name">APRENDIZ SENA ETAPA PRODUCTIVA</field>
            <field name="country_id" ref="base.co"/>
            <field name="wage_type">monthly</field>
        </record>

        <!-- Salary Structure -->
        <record id="structure_a_s_e_p_co" model="hr.payroll.structure">
            <field name="name">APRENDIZ SENA ETAPA PRODUCTIVA</field>
            <field name="type_id" ref="structure_type_a_s_e_p_co"/>
            <field name="country_id" ref="base.co"/>
        </record>

        <!-- Input Type-->
        
        <!-- Categories-->
        
        
        <!-- Salary rules -->

        <record id="hr_salary_rule_cus_a_s_e_p" model="hr.salary.rule">
            <field name="amount_select">code</field>
            <field name="code">CUS</field>
            <field name="category_id" ref="csa_category"/>
            <field name="name">CUOTA SOSTENIMIENTO</field>
            <field name="sequence" eval="1"/>
            <field name="amount_python_compute">result = ((parameter_obj.get_amount('SMMLV',payslip.date_from)*0.75)/30)*worked_days.DIAT.number_of_days</field>
            <field name="struct_id" ref="structure_a_s_e_p_co"/>
         </record>

         <record id="hr_salary_rule_bss_a_s_e_p" model="hr.salary.rule">
            <field name="amount_select">code</field>
            <field name="code">IBCS</field>
            <field name="category_id" ref="bss_category"/>
            <field name="name">IBC SEG SOC</field>
            <field name="sequence" eval="2"/>
            <field name="amount_python_compute">result = (parameter_obj.get_amount('SMMLV',payslip.date_from)/30)*worked_days.DIAT.number_of_days</field>
            <field name="struct_id" ref="structure_a_s_e_p_co"/>
         </record>

         <record id="hr_salary_rule_ibca_a_s_e_p" model="hr.salary.rule">
            <field name="amount_select">code</field>
            <field name="code">IBCA</field>
            <field name="category_id" ref="bss_category"/>
            <field name="name">IBC ARL</field>
            <field name="sequence" eval="3"/>
            <field name="amount_python_compute">result = (parameter_obj.get_amount('SMMLV',payslip.date_from)/30)*worked_days.DIAT.number_of_days</field>
            <field name="struct_id" ref="structure_a_s_e_p_co"/>
         </record>


         <record id="hr_salary_rule_salp_a_s_e_p" model="hr.salary.rule">
            <field name="amount_select">code</field>
            <field name="code">SALP</field>
            <field name="category_id" ref="css_category"/>
            <field name="name">SALUD</field>
            <field name="sequence" eval="4"/>
            <field name="amount_python_compute">result = IBCS*0.125</field>
            <field name="struct_id" ref="structure_a_s_e_p_co"/>
         </record>

         <record id="hr_salary_rule_arlp_a_s_e_p" model="hr.salary.rule">
            <field name="amount_select">code</field>
            <field name="code">ARLP</field>
            <field name="category_id" ref="css_category"/>
            <field name="name">ARL</field>
            <field name="sequence" eval="5"/>
            <field name="amount_python_compute">result = IBCA*contract.type_risk_arl_id.name</field>
            <field name="struct_id" ref="structure_a_s_e_p_co"/>
         </record>


         
    </data>
</odoo>