id,name,model_id:id,group_id:id,perm_read,perm_write,perm_create,perm_unlink
access_hr_recalculation_pr2_user,access_hr_recalculation_pr2,model_hr_recalculation_pr2,base.group_user,1,0,0,0
access_hr_recalculation_pr2_manager,access_hr_recalculation_pr2,model_hr_recalculation_pr2,hr.group_hr_manager,1,1,1,1
access_hr_recalculation_pr2_line_user,access_hr_recalculation_pr2_line,model_hr_recalculation_pr2_line,base.group_user,1,0,0,0
access_hr_recalculation_pr2_line_manager,access_hr_recalculation_pr2_line,model_hr_recalculation_pr2_line,hr.group_hr_manager,1,1,1,1


