<?xml version="1.0" encoding="utf-8"?>
<odoo>
    <data noupdate="1">

        <record id="work_entry_type_diat" model="hr.work.entry.type">
            <field name="name">Días trabajados</field>
            <field name="code">DIAT</field>
            <field name="sequence">1</field>
            <field name="round_days">NO</field>
            <field name="country_id" ref="base.pe"/>
        </record>
        <record id="work_entry_type_he25" model="hr.work.entry.type">
            <field name="name">Horas extras 25</field>
            <field name="code">HE25</field>
            <field name="sequence">2</field>
            <field name="round_days">NO</field>
            <field name="country_id" ref="base.pe"/>
        </record>
        <record id="work_entry_type_he35" model="hr.work.entry.type">
            <field name="name">Horas extras 35</field>
            <field name="code">HE35</field>
            <field name="sequence">3</field>
            <field name="round_days">NO</field>
            <field name="country_id" ref="base.pe"/>
        </record>
        <record id="work_entry_type_he10" model="hr.work.entry.type">
            <field name="name">Trabajo Día Domingo o Feriado</field>
            <field name="code">HE10</field>
            <field name="sequence">4</field>
            <field name="round_days">NO</field>
            <field name="country_id" ref="base.pe"/>
        </record>
        <record id="work_entry_type_falt" model="hr.work.entry.type">
            <field name="name">Faltas</field>
            <field name="code">FALT</field>
            <field name="sequence">5</field>
            <field name="round_days">NO</field>
            <field name="country_id" ref="base.pe"/>
        </record>
        <record id="work_entry_type_tard" model="hr.work.entry.type">
            <field name="name">Tardanzas</field>
            <field name="code">TARD</field>
            <field name="sequence">6</field>
            <field name="round_days">NO</field>
            <field name="country_id" ref="base.pe"/>
        </record>
        <record id="work_entry_type_vaca" model="hr.work.entry.type">
            <field name="name">Vacaciones</field>
            <field name="code">VACA</field>
            <field name="sequence">7</field>
            <field name="round_days">NO</field>
            <field name="country_id" ref="base.pe"/>
        </record>
        <record id="work_entry_type_vvac" model="hr.work.entry.type">
            <field name="name">Venta de vacaciones</field>
            <field name="code">VVAC</field>
            <field name="sequence">8</field>
            <field name="round_days">NO</field>
            <field name="country_id" ref="base.pe"/>
        </record>
        <record id="work_entry_type_dmed" model="hr.work.entry.type">
            <field name="name">Descansos Médicos</field>
            <field name="code">DMED</field>
            <field name="sequence">9</field>
            <field name="round_days">NO</field>
            <field name="country_id" ref="base.pe"/>
        </record>
        <record id="work_entry_type_subm" model="hr.work.entry.type">
            <field name="name">Subsidio por Maternidad</field>
            <field name="code">SUBM</field>
            <field name="sequence">10</field>
            <field name="round_days">NO</field>
            <field name="country_id" ref="base.pe"/>
        </record>
        <record id="work_entry_type_sube" model="hr.work.entry.type">
            <field name="name">Subsidio por Enfermedad/Accidente</field>
            <field name="code">SUBE</field>
            <field name="sequence">11</field>
            <field name="round_days">NO</field>
            <field name="country_id" ref="base.pe"/>
        </record>
        <record id="work_entry_type_lcgo" model="hr.work.entry.type">
            <field name="name">Licencia con Goce</field>
            <field name="code">LCGO</field>
            <field name="sequence">12</field>
            <field name="round_days">NO</field>
            <field name="country_id" ref="base.pe"/>
        </record>
        <record id="work_entry_type_csgo" model="hr.work.entry.type">
            <field name="name">Licencia Sin Goce</field>
            <field name="code">CSGO</field>
            <field name="sequence">13</field>
            <field name="round_days">NO</field>
            <field name="country_id" ref="base.pe"/>
        </record>

        <!--CO-->
        <record id="work_entry_type_diat" model="hr.work.entry.type">
            <field name="name">Días trabajados</field>
            <field name="code">DIAT</field>
            <field name="sequence">14</field>
            <field name="round_days">NO</field>
            <field name="country_id" ref="base.co"/>
        </record>

        <record id="work_entry_type_hed" model="hr.work.entry.type">
            <field name="name">HORA EXTRA DIURNA</field>
            <field name="code">HED</field>
            <field name="sequence">15</field>
            <field name="round_days">NO</field>
            <field name="country_id" ref="base.co"/>
        </record>

        <record id="work_entry_type_hen" model="hr.work.entry.type">
            <field name="name">HORA EXTRA NOCTURNA</field>
            <field name="code">HEN</field>
            <field name="sequence">16</field>
            <field name="round_days">NO</field>
            <field name="country_id" ref="base.co"/>
        </record>

        <record id="work_entry_type_hefd" model="hr.work.entry.type">
            <field name="name">HORA EXTRA FESTIVA DIURNA</field>
            <field name="code">HEFD</field>
            <field name="sequence">17</field>
            <field name="round_days">NO</field>
            <field name="country_id" ref="base.co"/>
        </record>

        <record id="work_entry_type_hefn" model="hr.work.entry.type">
            <field name="name">HORA EXTRA FESTIVA NOCTURNA</field>
            <field name="code">HEFN</field>
            <field name="sequence">18</field>
            <field name="round_days">NO</field>
            <field name="country_id" ref="base.co"/>
        </record>

        <record id="work_entry_type_refe" model="hr.work.entry.type">
            <field name="name">RECARGO FESTIVO</field>
            <field name="code">REFE</field>
            <field name="sequence">19</field>
            <field name="round_days">NO</field>
            <field name="country_id" ref="base.co"/>
        </record>

        <record id="work_entry_type_reno" model="hr.work.entry.type">
            <field name="name">RECARGO NOCTURNO</field>
            <field name="code">RENO</field>
            <field name="sequence">20</field>
            <field name="round_days">NO</field>
            <field name="country_id" ref="base.co"/>
        </record>

        <record id="work_entry_type_renf" model="hr.work.entry.type">
            <field name="name">RECARGO NOCTURNO FESTIVO</field>
            <field name="code">RENF</field>
            <field name="sequence">21</field>
            <field name="round_days">NO</field>
            <field name="country_id" ref="base.co"/>
        </record>

        <record id="work_entry_type_fesc" model="hr.work.entry.type">
            <field name="name">FESTIVO SIN COMPENSATORIO</field>
            <field name="code">FESC</field>
            <field name="sequence">22</field>
            <field name="round_days">NO</field>
            <field name="country_id" ref="base.co"/>
        </record>
        
        <record id="work_entry_type_ige" model="hr.work.entry.type">
            <field name="name">Incapacidad Enfermedad General</field>
            <field name="code">IGE</field>
            <field name="sequence">23</field>
            <field name="round_days">NO</field>
            <field name="country_id" ref="base.co"/>
        </record>
        <record id="work_entry_type_irl" model="hr.work.entry.type">
            <field name="name">Incapacidad Accidente Laboral</field>
            <field name="code">IRL</field>
            <field name="sequence">24</field>
            <field name="round_days">NO</field>
            <field name="country_id" ref="base.co"/>
        </record>
        <record id="work_entry_type_lma" model="hr.work.entry.type">
            <field name="name">Licencia de Maternidad</field>
            <field name="code">LMA</field>
            <field name="sequence">25</field>
            <field name="round_days">NO</field>
            <field name="country_id" ref="base.co"/>
        </record>
        <record id="work_entry_type_lpa" model="hr.work.entry.type">
            <field name="name">Licencia de Paternidad</field>
            <field name="code">LPA</field>
            <field name="sequence">26</field>
            <field name="round_days">NO</field>
            <field name="country_id" ref="base.co"/>
        </record>
        <record id="work_entry_type_vco" model="hr.work.entry.type">
            <field name="name">VACACIONES COMPENSADAS</field>
            <field name="code">VCO</field>
            <field name="sequence">27</field>
            <field name="round_days">NO</field>
            <field name="country_id" ref="base.co"/>
        </record>
        <record id="work_entry_type_vdi" model="hr.work.entry.type">
            <field name="name">VACACIONES DISFRUTADAS</field>
            <field name="code">VDI</field>
            <field name="sequence">28</field>
            <field name="round_days">NO</field>
            <field name="country_id" ref="base.co"/>
        </record>
        <record id="work_entry_type_vre" model="hr.work.entry.type">
            <field name="name">VACACIONES POR RETIRO</field>
            <field name="code">VRE</field>
            <field name="sequence">29</field>
            <field name="round_days">NO</field>
            <field name="country_id" ref="base.co"/>
        </record>
        <record id="work_entry_type_anr" model="hr.work.entry.type">
            <field name="name">Ausentismo No Remunerado</field>
            <field name="code">ANR</field>
            <field name="sequence">30</field>
            <field name="round_days">NO</field>
            <field name="country_id" ref="base.co"/>
        </record>
        <record id="work_entry_type_sln" model="hr.work.entry.type">
            <field name="name">Sancion/Suspensión</field>
            <field name="code">SLN</field>
            <field name="sequence">31</field>
            <field name="round_days">NO</field>
            <field name="country_id" ref="base.co"/>
        </record>
        <record id="work_entry_type_lr" model="hr.work.entry.type">
            <field name="name">Licencia Remunerada</field>
            <field name="code">LR</field>
            <field name="sequence">32</field>
            <field name="round_days">NO</field>
            <field name="country_id" ref="base.co"/>
        </record>
        <record id="work_entry_type_lt" model="hr.work.entry.type">
            <field name="name">Licencia de Luto</field>
            <field name="code">LT</field>
            <field name="sequence">33</field>
            <field name="round_days">NO</field>
            <field name="country_id" ref="base.co"/>
        </record>

    </data>
</odoo>