<?xml version="1.0" encoding="utf-8"?>
<odoo>
    <data noupdate="1">

        <record id="email_template_payslip_employee" model="mail.template">
            <field name="name">Plantilla de Boleta de Remuneración</field>
            <field name="email_from">${object.company_id.partner_id.email|safe}</field>
            <field name="subject">Boleta de Remuneración</field>
            <field name="email_to">${object.employee_id.work_email|safe}</field>
            <field name="reply_to"></field>
            <field name="model_id" ref="hr_payroll_report_summary.model_hr_payslip"/>
            <field name="auto_delete" eval="False"/>
            <field name="body_html"><![CDATA[
                <p>A continuación encontrará adjunto su boleta de remuneración</p><p>Gracias</p>
        ]]></field>
        </record>
    </data>
</odoo>

