id,name,model_id:id,group_id:id,perm_read,perm_write,perm_create,perm_unlink
access_hr_payroll_parameters_user,access_hr_payroll_parameters_user,model_hr_payroll_parameters,base.group_user,1,0,0,0
access_hr_payroll_parameters_manager,access_hr_payroll_parameters_manager,model_hr_payroll_parameters,hr.group_hr_manager,1,1,1,1
access_hr_payroll_parameters_line_user,access_hr_payroll_parameters_line_user,model_hr_payroll_parameters_line,base.group_user,1,0,0,0
access_hr_payroll_parameters_line_manager,access_hr_payroll_parameters_line_manager,model_hr_payroll_parameters_line,hr.group_hr_manager,1,1,1,1
