<?xml version="1.0" encoding="utf-8"?>
<odoo>
	<data noupdate="0">

		<record id="hr_payroll_parameters_rule" model="ir.rule">
	        <field name="name">Payroll Parameters Rule</field>
	        <field name="model_id" ref="model_hr_payroll_parameters"/>
	        <field name="domain_force">['|',('company_id','=',False),('company_id', 'in', company_ids)]</field>
	    </record>
		<record id="hr_payroll_parameters_line_rule" model="ir.rule">
	        <field name="name">Payroll Parameters Rule</field>
	        <field name="model_id" ref="model_hr_payroll_parameters_line"/>
	        <field name="domain_force">['|',('company_id','=',False),('company_id', 'in', company_ids)]</field>
	    </record>
	</data>
</odoo>
