<?xml version="1.0" encoding="utf-8"?>

<!-- res partner -->

<odoo>
    <data noupdate="1">

        <record id="res_partner_ubigeo_peru" model="res.partner">
            <field name="name">Ubigeo Peru</field>
           <!-- <field eval="[(6, 0, [ref('res_partner_category_14'), ref('res_partner_category_12')])]" name="category_id"/>-->
            <field name="is_company">1</field>
            <field name="street">1839 Arbor Way</field>
            <field name="city">Turlock</field>
            <field name="state_id" ref='base.state_us_5'/>
            <field name="zip">95380</field>
            <field name="country_id" ref="base.us"/>
            <field name="email">wood.corner26@example.com</field>
            <field name="phone">(623)-853-7197</field>
            <field name="website">http://www.wood-corner.com</field>
            <!--<field name="image_1920" type="base64" file="base/static/img/res_partner_1-image.png"/>-->
        </record>

    </data>
</odoo>
