<?xml version="1.0" encoding='UTF-8'?>
<odoo>
    <data noupdate="1">
        <record id="create_vacations_cron" model="ir.cron">
            <field name="name">Crear asignación de vacaciones</field>
            <field name="model_id" ref="hr.model_hr_employee"/>
            <field name="state">code</field>
            <field name="code">model.cron_create_vacation()</field>
            <field name="user_id" ref="base.user_root" />
            <field name="interval_number">1</field>
            <field name="interval_type">days</field>
            <field name="numbercall">-1</field>
            <field name="nextcall" eval="(DateTime.now()).strftime('%Y-%m-%d %H:%M:%S')" />
            <field eval="False" name="doall" />
            <field name="priority">100</field>
        </record>
    </data>
</odoo>