<ss:Workbook xmlns:html="http://www.w3.org/TR/REC-html40" xmlns:o="urn:schemas-microsoft-com:office:office" xmlns:ss="urn:schemas-microsoft-com:office:spreadsheet" xmlns:x="urn:schemas-microsoft-com:office:excel"><o:DocumentProperties><o:Author>SUNAT</o:Author><o:LastAuthor>SUNAT</o:LastAuthor><o:Created>2020-09-21T09:08:38Z</o:Created><o:LastSaved>2020-09-21T09:08:38Z</o:LastSaved><o:Company>Microsoft</o:Company><o:Version>12.00</o:Version></o:DocumentProperties><x:ExcelWorkbook><x:WindowHeight>12585</x:WindowHeight><x:WindowWidth>28515</x:WindowWidth><x:WindowTopX>120</x:WindowTopX><x:WindowTopY>90</x:WindowTopY><x:ProtectStructure>False</x:ProtectStructure><x:ProtectWindows>False</x:ProtectWindows></x:ExcelWorkbook><ss:Styles><ss:Style ss:ID="s62"><ss:Borders><ss:Border ss:LineStyle="Continuous" ss:Position="Left" ss:Weight="1" /><ss:Border ss:LineStyle="Continuous" ss:Position="Right" ss:Weight="1" /><ss:Border ss:LineStyle="Continuous" ss:Position="Top" ss:Weight="1" /></ss:Borders><ss:Font ss:Bold="0" ss:Color="#000000" ss:Family="Swiss" ss:FontName="Calibri" ss:Italic="0" ss:Size="12" /><ss:Alignment ss:Horizontal="Center" ss:Vertical="Bottom" ss:WrapText="1" /></ss:Style><ss:Style ss:ID="s63"><ss:Borders><ss:Border ss:LineStyle="Continuous" ss:Position="Bottom" ss:Weight="1" /><ss:Border ss:LineStyle="Continuous" ss:Position="Left" ss:Weight="1" /><ss:Border ss:LineStyle="Continuous" ss:Position="Right" ss:Weight="1" /></ss:Borders><ss:Font ss:Bold="0" ss:Color="#000000" ss:Family="Swiss" ss:FontName="Calibri" ss:Italic="0" ss:Size="12" /><ss:Alignment ss:Horizontal="Center" ss:Vertical="Bottom" ss:WrapText="1" /></ss:Style><ss:Style ss:ID="s64"><ss:Borders><ss:Border ss:LineStyle="Continuous" ss:Position="Bottom" ss:Weight="1" /><ss:Border ss:LineStyle="Continuous" ss:Position="Left" ss:Weight="1" /><ss:Border ss:LineStyle="Continuous" ss:Position="Right" ss:Weight="1" /><ss:Border ss:LineStyle="Continuous" ss:Position="Top" ss:Weight="1" /></ss:Borders><ss:Font ss:Bold="0" ss:Color="#000000" ss:Family="Swiss" ss:FontName="Calibri" ss:Italic="0" ss:Size="12" /><ss:Alignment ss:Horizontal="Center" ss:Vertical="Bottom" ss:WrapText="1" /></ss:Style><ss:Style ss:ID="s65"><ss:Borders><ss:Border ss:LineStyle="Continuous" ss:Position="Left" ss:Weight="1" /><ss:Border ss:LineStyle="Continuous" ss:Position="Right" ss:Weight="1" /><ss:Border ss:LineStyle="Continuous" ss:Position="Top" ss:Weight="1" /></ss:Borders><ss:Font ss:Bold="0" ss:Color="#000000" ss:Family="Swiss" ss:FontName="Calibri" ss:Italic="0" ss:Size="12" /><ss:Interior ss:Color="#DBE5F1" ss:Pattern="Solid" /><ss:Alignment ss:Horizontal="Center" ss:Vertical="Bottom" ss:WrapText="1" /></ss:Style><ss:Style ss:ID="s66"><ss:Borders><ss:Border ss:LineStyle="Continuous" ss:Position="Left" ss:Weight="1" /><ss:Border ss:LineStyle="Continuous" ss:Position="Right" ss:Weight="1" /><ss:Border ss:LineStyle="Continuous" ss:Position="Bottom" ss:Weight="1" /></ss:Borders><ss:Font ss:Bold="0" ss:Color="#000000" ss:Family="Swiss" ss:FontName="Calibri" ss:Italic="0" ss:Size="12" /><ss:Interior ss:Color="#DBE5F1" ss:Pattern="Solid" /><ss:Alignment ss:Horizontal="Center" ss:Vertical="Bottom" ss:WrapText="1" /></ss:Style><ss:Style ss:ID="s67"><ss:Borders><ss:Border ss:LineStyle="Continuous" ss:Position="Left" ss:Weight="1" /><ss:Border ss:LineStyle="Continuous" ss:Position="Right" ss:Weight="1" /><ss:Border ss:LineStyle="Continuous" ss:Position="Bottom" ss:Weight="1" /><ss:Border ss:LineStyle="Continuous" ss:Position="Top" ss:Weight="1" /></ss:Borders><ss:Font ss:Bold="0" ss:Color="#000000" ss:Family="Swiss" ss:FontName="Calibri" ss:Italic="0" ss:Size="12" /><ss:Interior ss:Color="#DBE5F1" ss:Pattern="Solid" /><ss:Alignment ss:Horizontal="Center" ss:Vertical="Bottom" ss:WrapText="1" /></ss:Style><ss:Style ss:ID="s68"><ss:Borders><ss:Border ss:LineStyle="Continuous" ss:Position="Left" ss:Weight="1" /><ss:Border ss:LineStyle="Continuous" ss:Position="Right" ss:Weight="1" /></ss:Borders><ss:Font ss:Bold="0" ss:Color="#000000" ss:Family="Swiss" ss:FontName="Calibri" ss:Italic="0" ss:Size="12" /><ss:Interior ss:Color="#DBE5F1" ss:Pattern="Solid" /><ss:Alignment ss:Horizontal="Center" ss:Vertical="Bottom" ss:WrapText="1" /></ss:Style><ss:Style ss:ID="s68"><ss:Borders><ss:Border ss:LineStyle="Continuous" ss:Position="Left" ss:Weight="1" /></ss:Borders><ss:Font ss:Bold="0" ss:Color="#000000" ss:Family="Swiss" ss:FontName="Calibri" ss:Italic="0" ss:Size="12" /><ss:Alignment ss:Horizontal="Center" ss:Vertical="Bottom" ss:WrapText="1" /></ss:Style><ss:Style ss:ID="s70"><ss:Borders><ss:Border ss:LineStyle="Continuous" ss:Position="Right" ss:Weight="1" /></ss:Borders><ss:Font ss:Bold="0" ss:Color="#000000" ss:Family="Swiss" ss:FontName="Calibri" ss:Italic="0" ss:Size="12" /><ss:Alignment ss:Horizontal="Center" ss:Vertical="Bottom" ss:WrapText="1" /></ss:Style><ss:Style ss:ID="s71"><ss:Borders><ss:Border ss:LineStyle="Continuous" ss:Position="Left" ss:Weight="1" /></ss:Borders><ss:Font ss:Bold="0" ss:Color="#000000" ss:Family="Swiss" ss:FontName="Calibri" ss:Italic="0" ss:Size="12" /><ss:Interior ss:Color="#DBE5F1" ss:Pattern="Solid" /><ss:Alignment ss:Horizontal="Center" ss:Vertical="Bottom" ss:WrapText="1" /></ss:Style><ss:Style ss:ID="s72"><ss:Borders><ss:Border ss:LineStyle="Continuous" ss:Position="Right" ss:Weight="1" /></ss:Borders><ss:Font ss:Bold="0" ss:Color="#000000" ss:Family="Swiss" ss:FontName="Calibri" ss:Italic="0" ss:Size="12" /><ss:Interior ss:Color="#DBE5F1" ss:Pattern="Solid" /><ss:Alignment ss:Horizontal="Center" ss:Vertical="Bottom" ss:WrapText="1" /></ss:Style><ss:Style ss:ID="s73"><ss:Borders><ss:Border ss:LineStyle="Continuous" ss:Position="Top" ss:Weight="1" /></ss:Borders><ss:Alignment ss:Horizontal="Center" ss:Vertical="Bottom" ss:WrapText="1" /></ss:Style><ss:Style ss:ID="s74"><ss:Borders><ss:Border ss:LineStyle="Continuous" ss:Position="Bottom" ss:Weight="1" /></ss:Borders><ss:Alignment ss:Horizontal="Center" ss:Vertical="Bottom" ss:WrapText="1" /></ss:Style><ss:Style ss:ID="s75"><ss:Borders><ss:Border ss:LineStyle="Continuous" ss:Position="Left" ss:Weight="1" /><ss:Border ss:LineStyle="Continuous" ss:Position="Right" ss:Weight="1" /><ss:Border ss:LineStyle="Continuous" ss:Position="Top" ss:Weight="1" /></ss:Borders><ss:Font ss:Bold="0" ss:Color="#000000" ss:Family="Swiss" ss:FontName="Calibri" ss:Italic="0" ss:Size="12" /><ss:Interior ss:Color="#DBE5F1" ss:Pattern="Solid" /></ss:Style><ss:Style ss:ID="s76"><ss:Borders><ss:Border ss:LineStyle="Continuous" ss:Position="Left" ss:Weight="1" /><ss:Border ss:LineStyle="Continuous" ss:Position="Right" ss:Weight="1" /><ss:Border ss:LineStyle="Continuous" ss:Position="Bottom" ss:Weight="1" /></ss:Borders><ss:Font ss:Bold="0" ss:Color="#000000" ss:Family="Swiss" ss:FontName="Calibri" ss:Italic="0" ss:Size="12" /><ss:Interior ss:Color="#DBE5F1" ss:Pattern="Solid" /></ss:Style><ss:Style ss:ID="s77"><ss:Borders><ss:Border ss:LineStyle="Continuous" ss:Position="Left" ss:Weight="1" /><ss:Border ss:LineStyle="Continuous" ss:Position="Right" ss:Weight="1" /></ss:Borders><ss:Font ss:Bold="0" ss:Color="#000000" ss:Family="Swiss" ss:FontName="Calibri" ss:Italic="0" ss:Size="12" /><ss:Interior ss:Color="#DBE5F1" ss:Pattern="Solid" /></ss:Style><ss:Style ss:ID="s79"><ss:Borders /><ss:NumberFormat ss:Format="Standard" /></ss:Style><ss:Style ss:ID="s80"><ss:Borders /><ss:NumberFormat ss:Format="Standard" /><ss:Interior ss:Color="#DBE5F1" ss:Pattern="Solid" /></ss:Style><ss:Style ss:ID="s81"><ss:Borders><ss:Border ss:LineStyle="Continuous" ss:Position="Right" ss:Weight="1" /></ss:Borders><ss:NumberFormat ss:Format="Standard" /></ss:Style><ss:Style ss:ID="s82"><ss:Borders><ss:Border ss:LineStyle="Continuous" ss:Position="Right" ss:Weight="1" /></ss:Borders><ss:Alignment ss:Horizontal="Right" ss:Vertical="Bottom" ss:WrapText="1" /><ss:NumberFormat ss:Format="Standard" /><ss:Interior ss:Color="#DBE5F1" ss:Pattern="Solid" /></ss:Style><ss:Style ss:ID="s83"><ss:Borders><ss:Border ss:LineStyle="Continuous" ss:Position="Left" ss:Weight="1" /></ss:Borders><ss:Font ss:Bold="0" ss:Color="#000000" ss:Family="Swiss" ss:FontName="Calibri" ss:Italic="0" ss:Size="12" /><ss:Interior ss:Color="#DBE5F1" ss:Pattern="Solid" /></ss:Style><ss:Style ss:ID="s78"><ss:Borders><ss:Border ss:LineStyle="Continuous" ss:Position="Left" ss:Weight="1" /><ss:Border ss:LineStyle="Continuous" ss:Position="Right" ss:Weight="1" /><ss:Border ss:LineStyle="Continuous" ss:Position="Bottom" ss:Weight="1" /><ss:Border ss:LineStyle="Continuous" ss:Position="Top" ss:Weight="1" /></ss:Borders><ss:Font ss:Bold="0" ss:Color="#000000" ss:Family="Swiss" ss:FontName="Calibri" ss:Italic="0" ss:Size="12" /><ss:Interior ss:Color="#DBE5F1" ss:Pattern="Solid" /></ss:Style><ss:Style ss:ID="s84"><ss:Borders><ss:Border ss:LineStyle="Continuous" ss:Position="Left" ss:Weight="1" /><ss:Border ss:LineStyle="Continuous" ss:Position="Right" ss:Weight="1" /><ss:Border ss:LineStyle="Continuous" ss:Position="Top" ss:Weight="1" /></ss:Borders><ss:Font ss:Bold="0" ss:Color="#000000" ss:Family="Swiss" ss:FontName="Calibri" ss:Italic="0" ss:Size="12" /><ss:Interior ss:Color="#DBE5F1" ss:Pattern="Solid" /><ss:Alignment ss:Horizontal="Center" ss:Vertical="Bottom" ss:WrapText="1" /></ss:Style><ss:Style ss:ID="s85"><ss:Borders /><ss:Font ss:Bold="1" ss:Color="#000000" ss:Family="Swiss" ss:FontName="Calibri" ss:Italic="0" ss:Size="12" /></ss:Style><ss:Style ss:ID="s86"><ss:Borders /><ss:Font ss:Bold="0" ss:Color="#000000" ss:Family="Swiss" ss:FontName="Calibri" ss:Italic="1" ss:Size="8" /></ss:Style><ss:Style ss:ID="s87"><ss:Borders><ss:Border ss:LineStyle="Continuous" ss:Position="Left" ss:Weight="1" /><ss:Border ss:LineStyle="Continuous" ss:Position="Right" ss:Weight="1" /><ss:Border ss:LineStyle="Continuous" ss:Position="Top" ss:Weight="1" /><ss:Border ss:LineStyle="Continuous" ss:Position="Bottom" ss:Weight="1" /></ss:Borders><ss:Font ss:Bold="0" ss:Color="#000000" ss:Family="Swiss" ss:FontName="Calibri" ss:Italic="0" ss:Size="12" /><ss:Interior ss:Color="#DBE5F1" ss:Pattern="Solid" /><ss:Alignment ss:Horizontal="Center" ss:Vertical="Bottom" ss:WrapText="1" /></ss:Style></ss:Styles><ss:Worksheet><ss:Table ss:DefaultColumnWidth="60" ss:DefaultRowHeight="15" ss:ExpandedColumnCount="10" ss:ExpandedRowCount="78" x:FullColumns="1" x:FullRows="1"><ss:Row ss:Index="2"><ss:Cell ss:Index="2" ss:MergeAcross="3" ss:StyleID="s85"><ss:Data ss:Type="String">R08: Trabajador &#8211; Datos de boleta de pago</ss:Data></ss:Cell><ss:Cell ss:Index="9"><ss:Data ss:Type="String">2021-02-22</ss:Data></ss:Cell></ss:Row><ss:Row ss:Index="3"><ss:Cell ss:Index="2" ss:MergeAcross="3"><ss:Data ss:Type="String">(Contiene datos m&#237;nimos de una Boleta de Pago)</ss:Data></ss:Cell><ss:Cell ss:Index="9"><ss:Data ss:Type="String">20:31:27</ss:Data></ss:Cell></ss:Row><ss:Row ss:Index="6"><ss:Cell ss:Index="2" ss:MergeAcross="7" ss:StyleID="s75"><ss:Data ss:Type="String">RUC : False</ss:Data></ss:Cell></ss:Row><ss:Row ss:Index="7"><ss:Cell ss:Index="2" ss:MergeAcross="7" ss:StyleID="s77"><ss:Data ss:Type="String">Empleador : My Company</ss:Data></ss:Cell></ss:Row><ss:Row ss:Index="8"><ss:Cell ss:Index="2" ss:MergeAcross="7" ss:StyleID="s77"><ss:Data ss:Type="String">Periodo : 2021-01-01</ss:Data></ss:Cell></ss:Row><ss:Row ss:Index="9"><ss:Cell ss:Index="2" ss:MergeAcross="7" ss:StyleID="s76"><ss:Data ss:Type="String">PDT Planilla Electr&#243;nica - PLAME            N&#250;mero de Orden : False</ss:Data></ss:Cell></ss:Row><ss:Row ss:Index="11"><ss:Cell ss:Index="2" ss:MergeAcross="1" ss:StyleID="s84"><ss:Data ss:Type="String">Documento de Identidad</ss:Data></ss:Cell><ss:Cell ss:Index="4" ss:MergeAcross="3" ss:MergeDown="1" ss:StyleID="s65"><ss:Data ss:Type="String">Nombre y Apellidos</ss:Data></ss:Cell><ss:Cell ss:Index="8" ss:MergeAcross="1" ss:MergeDown="1" ss:StyleID="s65"><ss:Data ss:Type="String">Situaci&#243;n</ss:Data></ss:Cell></ss:Row><ss:Row ss:Index="12"><ss:Cell ss:Index="2" ss:StyleID="s65"><ss:Data ss:Type="String">Tipo</ss:Data></ss:Cell><ss:Cell ss:Index="3" ss:StyleID="s65"><ss:Data ss:Type="String">N&#250;mero</ss:Data></ss:Cell></ss:Row><ss:Row ss:Index="13"><ss:Cell ss:Index="2" ss:StyleID="s62"><ss:Data ss:Type="String" /></ss:Cell><ss:Cell ss:Index="3" ss:StyleID="s62"><ss:Data ss:Type="String">70557340</ss:Data></ss:Cell><ss:Cell ss:Index="4" ss:MergeAcross="3" ss:StyleID="s62"><ss:Data ss:Type="String">Empleado peru Paterno Materno</ss:Data></ss:Cell><ss:Cell ss:Index="8" ss:MergeAcross="1" ss:StyleID="s62"><ss:Data ss:Type="String"> </ss:Data></ss:Cell></ss:Row><ss:Row ss:Index="14"><ss:Cell ss:Index="2" ss:MergeAcross="1" ss:StyleID="s65"><ss:Data ss:Type="String">Fecha de Ingreso</ss:Data></ss:Cell><ss:Cell ss:Index="4" ss:MergeAcross="1" ss:StyleID="s65"><ss:Data ss:Type="String">Tipo de Trabajador</ss:Data></ss:Cell><ss:Cell ss:Index="6" ss:MergeAcross="1" ss:StyleID="s65"><ss:Data ss:Type="String">Regimen Pensionario</ss:Data></ss:Cell><ss:Cell ss:Index="8" ss:MergeAcross="1" ss:StyleID="s65"><ss:Data ss:Type="String">CUSPP</ss:Data></ss:Cell></ss:Row><ss:Row ss:Index="15"><ss:Cell ss:Index="2" ss:MergeAcross="1" ss:StyleID="s62"><ss:Data ss:Type="String">2021-01-01</ss:Data></ss:Cell><ss:Cell ss:Index="4" ss:MergeAcross="1" ss:StyleID="s62"><ss:Data ss:Type="String"> </ss:Data></ss:Cell><ss:Cell ss:Index="6" ss:MergeAcross="1" ss:StyleID="s62"><ss:Data ss:Type="String"> </ss:Data></ss:Cell><ss:Cell ss:Index="8" ss:MergeAcross="1" ss:StyleID="s62"><ss:Data ss:Type="String"> </ss:Data></ss:Cell></ss:Row><ss:Row ss:Index="16"><ss:Cell ss:Index="2" ss:MergeDown="1" ss:StyleID="s65"><ss:Data ss:Type="String">D&#237;as Laborados</ss:Data></ss:Cell><ss:Cell ss:Index="3" ss:MergeDown="1" ss:StyleID="s65"><ss:Data ss:Type="String">D&#237;as No Laborados</ss:Data></ss:Cell><ss:Cell ss:Index="4" ss:MergeDown="1" ss:StyleID="s65"><ss:Data ss:Type="String">D&#237;as subsidiados</ss:Data></ss:Cell><ss:Cell ss:Index="5" ss:MergeDown="1" ss:StyleID="s65"><ss:Data ss:Type="String">Condici&#243;n</ss:Data></ss:Cell><ss:Cell ss:Index="6" ss:MergeAcross="1" ss:StyleID="s65"><ss:Data ss:Type="String">Jornada Ordinaria</ss:Data></ss:Cell><ss:Cell ss:Index="8" ss:MergeAcross="1" ss:StyleID="s65"><ss:Data ss:Type="String">Sobretiempo</ss:Data></ss:Cell></ss:Row><ss:Row ss:Index="17"><ss:Cell ss:Index="6" ss:StyleID="s65"><ss:Data ss:Type="String">Total Horas</ss:Data></ss:Cell><ss:Cell ss:Index="7" ss:StyleID="s65"><ss:Data ss:Type="String">Minutos</ss:Data></ss:Cell><ss:Cell ss:Index="8" ss:StyleID="s65"><ss:Data ss:Type="String">Total Horas</ss:Data></ss:Cell><ss:Cell ss:Index="9" ss:StyleID="s65"><ss:Data ss:Type="String">Minutos</ss:Data></ss:Cell></ss:Row><ss:Row ss:Index="18"><ss:Cell ss:Index="2" ss:StyleID="s62"><ss:Data ss:Type="String">30.0</ss:Data></ss:Cell><ss:Cell ss:Index="3" ss:StyleID="s62"><ss:Data ss:Type="String">0.0</ss:Data></ss:Cell><ss:Cell ss:Index="4" ss:StyleID="s62"><ss:Data ss:Type="String">0.0</ss:Data></ss:Cell><ss:Cell ss:Index="5" ss:StyleID="s62"><ss:Data ss:Type="String">Especificar</ss:Data></ss:Cell><ss:Cell ss:Index="6" ss:StyleID="s62"><ss:Data ss:Type="String">240.0</ss:Data></ss:Cell><ss:Cell ss:Index="7" ss:StyleID="s62"><ss:Data ss:Type="String" /></ss:Cell><ss:Cell ss:Index="8" ss:StyleID="s62"><ss:Data ss:Type="String">0.0</ss:Data></ss:Cell><ss:Cell ss:Index="9" ss:StyleID="s62"><ss:Data ss:Type="String" /></ss:Cell></ss:Row><ss:Row ss:Index="19"><ss:Cell ss:Index="2" ss:MergeAcross="5" ss:StyleID="s65"><ss:Data ss:Type="String">Motivo de Suspensi&#243;n de Labores</ss:Data></ss:Cell><ss:Cell ss:Index="8" ss:MergeAcross="1" ss:MergeDown="1" ss:StyleID="s65"><ss:Data ss:Type="String">Otros empleadores por Rentas de 5ta categor&#237;a</ss:Data></ss:Cell></ss:Row><ss:Row ss:Index="20"><ss:Cell ss:Index="2" ss:StyleID="s65"><ss:Data ss:Type="String">Tipo</ss:Data></ss:Cell><ss:Cell ss:Index="3" ss:MergeAcross="3" ss:StyleID="s65"><ss:Data ss:Type="String">Motivo</ss:Data></ss:Cell><ss:Cell ss:Index="7" ss:StyleID="s65"><ss:Data ss:Type="String">N.&#186; D&#237;as</ss:Data></ss:Cell></ss:Row><ss:Row ss:Index="21"><ss:Cell ss:Index="2" ss:StyleID="s64"><ss:Data ss:Type="String">-</ss:Data></ss:Cell><ss:Cell ss:Index="3" ss:MergeAcross="3" ss:StyleID="s64"><ss:Data ss:Type="String">-</ss:Data></ss:Cell><ss:Cell ss:Index="7" ss:StyleID="s64"><ss:Data ss:Type="String">-</ss:Data></ss:Cell><ss:Cell ss:Index="8" ss:MergeAcross="1" ss:StyleID="s64"><ss:Data ss:Type="String">-</ss:Data></ss:Cell></ss:Row><ss:Row ss:Index="23"><ss:Cell ss:Index="2" ss:StyleID="s87"><ss:Data ss:Type="String">C&#243;digo</ss:Data></ss:Cell><ss:Cell ss:Index="3" ss:MergeAcross="3" ss:StyleID="s87"><ss:Data ss:Type="String">Conceptos</ss:Data></ss:Cell><ss:Cell ss:Index="7" ss:StyleID="s87"><ss:Data ss:Type="String">Ingresos S/.</ss:Data></ss:Cell><ss:Cell ss:Index="8" ss:StyleID="s87"><ss:Data ss:Type="String">Descuentos S/.</ss:Data></ss:Cell><ss:Cell ss:Index="9" ss:StyleID="s87"><ss:Data ss:Type="String">Neto S/.</ss:Data></ss:Cell></ss:Row><ss:Row ss:Index="24"><ss:Cell ss:Index="2" ss:MergeAcross="7" ss:StyleID="s77"><ss:Data ss:Type="String">Ingresos</ss:Data></ss:Cell></ss:Row><ss:Row ss:Index="25"><ss:Cell ss:Index="2" ss:MergeAcross="7" ss:StyleID="s77"><ss:Data ss:Type="String">Descuentos</ss:Data></ss:Cell></ss:Row><ss:Row ss:Index="26"><ss:Cell ss:Index="2" ss:MergeAcross="6" ss:StyleID="s83"><ss:Data ss:Type="String">Neto a Pagar</ss:Data></ss:Cell><ss:Cell ss:Index="9" ss:StyleID="s82"><ss:Data ss:Type="Number">0.0</ss:Data></ss:Cell></ss:Row><ss:Row ss:Index="27"><ss:Cell ss:Index="2" ss:MergeAcross="7" ss:StyleID="s73" /></ss:Row><ss:Row ss:Index="28"><ss:Cell ss:Index="2" ss:MergeAcross="7" ss:StyleID="s78"><ss:Data ss:Type="String">Aportes de Empleador</ss:Data></ss:Cell></ss:Row><ss:Row ss:Index="29"><ss:Cell ss:Index="2" ss:MergeAcross="7" ss:StyleID="s73" /></ss:Row></ss:Table><ss:WorksheetOptions xmlns="urn:schemas-microsoft-com:office:excel"><PageSetup><Header x:Data="&amp;amp;Z&amp;amp;&amp;quot;Calibri&amp;quot;&amp;amp;10Superintendencia Nacional de Aduanas y Administraci&#243;n Tributaria&amp;amp;DP&#225;gina: &amp;amp;#" x:Margin="0.2" /><Footer x:Data="Generado por el PDT Planilla Electr&#243;nica PLAME" x:Margin="0.2" /><PageMargins x:Bottom="0.98" x:Left="0.98" x:Right="0.74" x:Top="0.74" /></PageSetup><Print><ValidPrinterInfo /><PaperSizeIndex>9</PaperSizeIndex><Scale>80</Scale><HorizontalResolution>600</HorizontalResolution><VerticalResolution>600</VerticalResolution></Print></ss:WorksheetOptions></ss:Worksheet></ss:Workbook>