<ss:Workbook xmlns:o="urn:schemas-microsoft-com:office:office" xmlns:x="urn:schemas-microsoft-com:office:excel" xmlns:ss="urn:schemas-microsoft-com:office:spreadsheet" xmlns:html="http://www.w3.org/TR/REC-html40"><o:DocumentProperties><o:Author>SUNAT</o:Author><o:LastAuthor>SUNAT</o:LastAuthor><o:Created>2020-09-21T09:08:38Z</o:Created><o:LastSaved>2020-09-21T09:08:38Z</o:LastSaved><o:Company>Microsoft</o:Company><o:Version>12.00</o:Version></o:DocumentProperties><x:ExcelWorkbook><x:WindowHeight>12585</x:WindowHeight><x:WindowWidth>28515</x:WindowWidth><x:WindowTopX>120</x:WindowTopX><x:WindowTopY>90</x:WindowTopY><x:ProtectStructure>False</x:ProtectStructure><x:ProtectWindows>False</x:ProtectWindows></x:ExcelWorkbook><ss:Styles><ss:Style ss:ID="s62"><ss:Borders><ss:Border ss:Position="Left" ss:LineStyle="Continuous" ss:Weight="1" /><ss:Border ss:Position="Right" ss:LineStyle="Continuous" ss:Weight="1" /><ss:Border ss:Position="Top" ss:LineStyle="Continuous" ss:Weight="1" /></ss:Borders><ss:Font ss:FontName="Calibri" ss:Family="Swiss" ss:Size="12" ss:Color="#000000" ss:Bold="0" ss:Italic="0" /><ss:Alignment ss:Vertical="Bottom" ss:Horizontal="Center" ss:WrapText="1" /></ss:Style><ss:Style ss:ID="s63"><ss:Borders><ss:Border ss:Position="Bottom" ss:LineStyle="Continuous" ss:Weight="1" /><ss:Border ss:Position="Left" ss:LineStyle="Continuous" ss:Weight="1" /><ss:Border ss:Position="Right" ss:LineStyle="Continuous" ss:Weight="1" /></ss:Borders><ss:Font ss:FontName="Calibri" ss:Family="Swiss" ss:Size="12" ss:Color="#000000" ss:Bold="0" ss:Italic="0" /><ss:Alignment ss:Vertical="Bottom" ss:Horizontal="Center" ss:WrapText="1" /></ss:Style><ss:Style ss:ID="s64"><ss:Borders><ss:Border ss:Position="Bottom" ss:LineStyle="Continuous" ss:Weight="1" /><ss:Border ss:Position="Left" ss:LineStyle="Continuous" ss:Weight="1" /><ss:Border ss:Position="Right" ss:LineStyle="Continuous" ss:Weight="1" /><ss:Border ss:Position="Top" ss:LineStyle="Continuous" ss:Weight="1" /></ss:Borders><ss:Font ss:FontName="Calibri" ss:Family="Swiss" ss:Size="12" ss:Color="#000000" ss:Bold="0" ss:Italic="0" /><ss:Alignment ss:Vertical="Bottom" ss:Horizontal="Center" ss:WrapText="1" /></ss:Style><ss:Style ss:ID="s65"><ss:Borders><ss:Border ss:Position="Left" ss:LineStyle="Continuous" ss:Weight="1" /><ss:Border ss:Position="Right" ss:LineStyle="Continuous" ss:Weight="1" /><ss:Border ss:Position="Top" ss:LineStyle="Continuous" ss:Weight="1" /></ss:Borders><ss:Font ss:FontName="Calibri" ss:Family="Swiss" ss:Size="12" ss:Color="#000000" ss:Bold="0" ss:Italic="0" /><ss:Interior ss:Color="#DBE5F1" ss:Pattern="Solid" /><ss:Alignment ss:Vertical="Bottom" ss:Horizontal="Center" ss:WrapText="1" /></ss:Style><ss:Style ss:ID="s66"><ss:Borders><ss:Border ss:Position="Left" ss:LineStyle="Continuous" ss:Weight="1" /><ss:Border ss:Position="Right" ss:LineStyle="Continuous" ss:Weight="1" /><ss:Border ss:Position="Bottom" ss:LineStyle="Continuous" ss:Weight="1" /></ss:Borders><ss:Font ss:FontName="Calibri" ss:Family="Swiss" ss:Size="12" ss:Color="#000000" ss:Bold="0" ss:Italic="0" /><ss:Interior ss:Color="#DBE5F1" ss:Pattern="Solid" /><ss:Alignment ss:Vertical="Bottom" ss:Horizontal="Center" ss:WrapText="1" /></ss:Style><ss:Style ss:ID="s67"><ss:Borders><ss:Border ss:Position="Left" ss:LineStyle="Continuous" ss:Weight="1" /><ss:Border ss:Position="Right" ss:LineStyle="Continuous" ss:Weight="1" /><ss:Border ss:Position="Bottom" ss:LineStyle="Continuous" ss:Weight="1" /><ss:Border ss:Position="Top" ss:LineStyle="Continuous" ss:Weight="1" /></ss:Borders><ss:Font ss:FontName="Calibri" ss:Family="Swiss" ss:Size="12" ss:Color="#000000" ss:Bold="0" ss:Italic="0" /><ss:Interior ss:Color="#DBE5F1" ss:Pattern="Solid" /><ss:Alignment ss:Vertical="Bottom" ss:Horizontal="Center" ss:WrapText="1" /></ss:Style><ss:Style ss:ID="s68"><ss:Borders><ss:Border ss:Position="Left" ss:LineStyle="Continuous" ss:Weight="1" /><ss:Border ss:Position="Right" ss:LineStyle="Continuous" ss:Weight="1" /></ss:Borders><ss:Font ss:FontName="Calibri" ss:Family="Swiss" ss:Size="12" ss:Color="#000000" ss:Bold="0" ss:Italic="0" /><ss:Interior ss:Color="#DBE5F1" ss:Pattern="Solid" /><ss:Alignment ss:Vertical="Bottom" ss:Horizontal="Center" ss:WrapText="1" /></ss:Style><ss:Style ss:ID="s68"><ss:Borders><ss:Border ss:Position="Left" ss:LineStyle="Continuous" ss:Weight="1" /></ss:Borders><ss:Font ss:FontName="Calibri" ss:Family="Swiss" ss:Size="12" ss:Color="#000000" ss:Bold="0" ss:Italic="0" /><ss:Alignment ss:Vertical="Bottom" ss:Horizontal="Center" ss:WrapText="1" /></ss:Style><ss:Style ss:ID="s70"><ss:Borders><ss:Border ss:Position="Right" ss:LineStyle="Continuous" ss:Weight="1" /></ss:Borders><ss:Font ss:FontName="Calibri" ss:Family="Swiss" ss:Size="12" ss:Color="#000000" ss:Bold="0" ss:Italic="0" /><ss:Alignment ss:Vertical="Bottom" ss:Horizontal="Center" ss:WrapText="1" /></ss:Style><ss:Style ss:ID="s71"><ss:Borders><ss:Border ss:Position="Left" ss:LineStyle="Continuous" ss:Weight="1" /></ss:Borders><ss:Font ss:FontName="Calibri" ss:Family="Swiss" ss:Size="12" ss:Color="#000000" ss:Bold="0" ss:Italic="0" /><ss:Interior ss:Color="#DBE5F1" ss:Pattern="Solid" /><ss:Alignment ss:Vertical="Bottom" ss:Horizontal="Center" ss:WrapText="1" /></ss:Style><ss:Style ss:ID="s72"><ss:Borders><ss:Border ss:Position="Right" ss:LineStyle="Continuous" ss:Weight="1" /></ss:Borders><ss:Font ss:FontName="Calibri" ss:Family="Swiss" ss:Size="12" ss:Color="#000000" ss:Bold="0" ss:Italic="0" /><ss:Interior ss:Color="#DBE5F1" ss:Pattern="Solid" /><ss:Alignment ss:Vertical="Bottom" ss:Horizontal="Center" ss:WrapText="1" /></ss:Style><ss:Style ss:ID="s73"><ss:Borders><ss:Border ss:Position="Top" ss:LineStyle="Continuous" ss:Weight="1" /></ss:Borders><ss:Alignment ss:Vertical="Bottom" ss:Horizontal="Center" ss:WrapText="1" /></ss:Style><ss:Style ss:ID="s74"><ss:Borders><ss:Border ss:Position="Bottom" ss:LineStyle="Continuous" ss:Weight="1" /></ss:Borders><ss:Alignment ss:Vertical="Bottom" ss:Horizontal="Center" ss:WrapText="1" /></ss:Style><ss:Style ss:ID="s75"><ss:Borders><ss:Border ss:Position="Left" ss:LineStyle="Continuous" ss:Weight="1" /><ss:Border ss:Position="Right" ss:LineStyle="Continuous" ss:Weight="1" /><ss:Border ss:Position="Top" ss:LineStyle="Continuous" ss:Weight="1" /></ss:Borders><ss:Font ss:FontName="Calibri" ss:Family="Swiss" ss:Size="12" ss:Color="#000000" ss:Bold="0" ss:Italic="0" /><ss:Interior ss:Color="#DBE5F1" ss:Pattern="Solid" /></ss:Style><ss:Style ss:ID="s76"><ss:Borders><ss:Border ss:Position="Left" ss:LineStyle="Continuous" ss:Weight="1" /><ss:Border ss:Position="Right" ss:LineStyle="Continuous" ss:Weight="1" /><ss:Border ss:Position="Bottom" ss:LineStyle="Continuous" ss:Weight="1" /></ss:Borders><ss:Font ss:FontName="Calibri" ss:Family="Swiss" ss:Size="12" ss:Color="#000000" ss:Bold="0" ss:Italic="0" /><ss:Interior ss:Color="#DBE5F1" ss:Pattern="Solid" /></ss:Style><ss:Style ss:ID="s77"><ss:Borders><ss:Border ss:Position="Left" ss:LineStyle="Continuous" ss:Weight="1" /><ss:Border ss:Position="Right" ss:LineStyle="Continuous" ss:Weight="1" /></ss:Borders><ss:Font ss:FontName="Calibri" ss:Family="Swiss" ss:Size="12" ss:Color="#000000" ss:Bold="0" ss:Italic="0" /><ss:Interior ss:Color="#DBE5F1" ss:Pattern="Solid" /></ss:Style><ss:Style ss:ID="s79"><ss:Borders /><ss:NumberFormat ss:Format="Standard" /></ss:Style><ss:Style ss:ID="s80"><ss:Borders /><ss:NumberFormat ss:Format="Standard" /><ss:Interior ss:Color="#DBE5F1" ss:Pattern="Solid" /></ss:Style><ss:Style ss:ID="s81"><ss:Borders><ss:Border ss:Position="Right" ss:LineStyle="Continuous" ss:Weight="1" /></ss:Borders><ss:NumberFormat ss:Format="Standard" /></ss:Style><ss:Style ss:ID="s82"><ss:Borders><ss:Border ss:Position="Right" ss:LineStyle="Continuous" ss:Weight="1" /></ss:Borders><ss:Alignment ss:Vertical="Bottom" ss:Horizontal="Right" ss:WrapText="1" /><ss:NumberFormat ss:Format="Standard" /><ss:Interior ss:Color="#DBE5F1" ss:Pattern="Solid" /></ss:Style><ss:Style ss:ID="s83"><ss:Borders><ss:Border ss:Position="Left" ss:LineStyle="Continuous" ss:Weight="1" /></ss:Borders><ss:Font ss:FontName="Calibri" ss:Family="Swiss" ss:Size="12" ss:Color="#000000" ss:Bold="0" ss:Italic="0" /><ss:Interior ss:Color="#DBE5F1" ss:Pattern="Solid" /></ss:Style><ss:Style ss:ID="s78"><ss:Borders><ss:Border ss:Position="Left" ss:LineStyle="Continuous" ss:Weight="1" /><ss:Border ss:Position="Right" ss:LineStyle="Continuous" ss:Weight="1" /><ss:Border ss:Position="Bottom" ss:LineStyle="Continuous" ss:Weight="1" /><ss:Border ss:Position="Top" ss:LineStyle="Continuous" ss:Weight="1" /></ss:Borders><ss:Font ss:FontName="Calibri" ss:Family="Swiss" ss:Size="12" ss:Color="#000000" ss:Bold="0" ss:Italic="0" /><ss:Interior ss:Color="#DBE5F1" ss:Pattern="Solid" /></ss:Style><ss:Style ss:ID="s84"><ss:Borders><ss:Border ss:Position="Left" ss:LineStyle="Continuous" ss:Weight="1" /><ss:Border ss:Position="Right" ss:LineStyle="Continuous" ss:Weight="1" /><ss:Border ss:Position="Top" ss:LineStyle="Continuous" ss:Weight="1" /></ss:Borders><ss:Font ss:FontName="Calibri" ss:Family="Swiss" ss:Size="12" ss:Color="#000000" ss:Bold="0" ss:Italic="0" /><ss:Interior ss:Color="#DBE5F1" ss:Pattern="Solid" /><ss:Alignment ss:Vertical="Bottom" ss:Horizontal="Center" ss:WrapText="1" /></ss:Style><ss:Style ss:ID="s85"><ss:Borders /><ss:Font ss:FontName="Calibri" ss:Family="Swiss" ss:Size="12" ss:Color="#000000" ss:Bold="1" ss:Italic="0" /></ss:Style><ss:Style ss:ID="s86"><ss:Borders /><ss:Font ss:FontName="Calibri" ss:Family="Swiss" ss:Size="8" ss:Color="#000000" ss:Bold="0" ss:Italic="1" /></ss:Style><ss:Style ss:ID="s87"><ss:Borders><ss:Border ss:Position="Left" ss:LineStyle="Continuous" ss:Weight="1" /><ss:Border ss:Position="Right" ss:LineStyle="Continuous" ss:Weight="1" /><ss:Border ss:Position="Top" ss:LineStyle="Continuous" ss:Weight="1" /><ss:Border ss:Position="Bottom" ss:LineStyle="Continuous" ss:Weight="1" /></ss:Borders><ss:Font ss:FontName="Calibri" ss:Family="Swiss" ss:Size="12" ss:Color="#000000" ss:Bold="0" ss:Italic="0" /><ss:Interior ss:Color="#DBE5F1" ss:Pattern="Solid" /><ss:Alignment ss:Vertical="Bottom" ss:Horizontal="Center" ss:WrapText="1" /></ss:Style></ss:Styles><ss:Worksheet><ss:Table ss:ExpandedColumnCount="10" ss:ExpandedRowCount="78" x:FullColumns="1" x:FullRows="1" ss:DefaultColumnWidth="60" ss:DefaultRowHeight="15"><ss:Row ss:Index="2"><ss:Cell ss:Index="2" ss:StyleID="s85" ss:MergeAcross="3"><ss:Data ss:Type="String">R08: Trabajador &#8211; Datos de boleta de pago</ss:Data></ss:Cell><ss:Cell ss:Index="9"><ss:Data ss:Type="String">2021-01-20</ss:Data></ss:Cell></ss:Row><ss:Row ss:Index="3"><ss:Cell ss:Index="2" ss:MergeAcross="3"><ss:Data ss:Type="String">(Contiene datos m&#237;nimos de una Boleta de Pago)</ss:Data></ss:Cell><ss:Cell ss:Index="9"><ss:Data ss:Type="String">22:37:12</ss:Data></ss:Cell></ss:Row><ss:Row ss:Index="6"><ss:Cell ss:Index="2" ss:StyleID="s75" ss:MergeAcross="7"><ss:Data ss:Type="String">RUC : False</ss:Data></ss:Cell></ss:Row><ss:Row ss:Index="7"><ss:Cell ss:Index="2" ss:StyleID="s77" ss:MergeAcross="7"><ss:Data ss:Type="String">Empleador : My Company</ss:Data></ss:Cell></ss:Row><ss:Row ss:Index="8"><ss:Cell ss:Index="2" ss:StyleID="s77" ss:MergeAcross="7"><ss:Data ss:Type="String">Periodo : 2021-01-01</ss:Data></ss:Cell></ss:Row><ss:Row ss:Index="9"><ss:Cell ss:Index="2" ss:StyleID="s76" ss:MergeAcross="7"><ss:Data ss:Type="String">PDT Planilla Electr&#243;nica - PLAME            N&#250;mero de Orden : False</ss:Data></ss:Cell></ss:Row><ss:Row ss:Index="11"><ss:Cell ss:Index="2" ss:StyleID="s84" ss:MergeAcross="1"><ss:Data ss:Type="String">Documento de Identidad</ss:Data></ss:Cell><ss:Cell ss:Index="4" ss:StyleID="s65" ss:MergeAcross="3" ss:MergeDown="1"><ss:Data ss:Type="String">Nombre y Apellidos</ss:Data></ss:Cell><ss:Cell ss:Index="8" ss:StyleID="s65" ss:MergeAcross="1" ss:MergeDown="1"><ss:Data ss:Type="String">Situaci&#243;n</ss:Data></ss:Cell></ss:Row><ss:Row ss:Index="12"><ss:Cell ss:Index="2" ss:StyleID="s65"><ss:Data ss:Type="String">Tipo</ss:Data></ss:Cell><ss:Cell ss:Index="3" ss:StyleID="s65"><ss:Data ss:Type="String">N&#250;mero</ss:Data></ss:Cell></ss:Row><ss:Row ss:Index="13"><ss:Cell ss:Index="2" ss:StyleID="s62"><ss:Data ss:Type="String">Carnet Extranjeria</ss:Data></ss:Cell><ss:Cell ss:Index="3" ss:StyleID="s62"><ss:Data ss:Type="String">002463088</ss:Data></ss:Cell><ss:Cell ss:Index="4" ss:StyleID="s62" ss:MergeAcross="3"><ss:Data ss:Type="String">Yonaldy Jesus Marrero Veroes</ss:Data></ss:Cell><ss:Cell ss:Index="8" ss:StyleID="s62" ss:MergeAcross="1"><ss:Data ss:Type="String">Teletrabajo Completo</ss:Data></ss:Cell></ss:Row><ss:Row ss:Index="14"><ss:Cell ss:Index="2" ss:StyleID="s65" ss:MergeAcross="1"><ss:Data ss:Type="String">Fecha de Ingreso</ss:Data></ss:Cell><ss:Cell ss:Index="4" ss:StyleID="s65" ss:MergeAcross="1"><ss:Data ss:Type="String">Tipo de Trabajador</ss:Data></ss:Cell><ss:Cell ss:Index="6" ss:StyleID="s65" ss:MergeAcross="1"><ss:Data ss:Type="String">Regimen Pensionario</ss:Data></ss:Cell><ss:Cell ss:Index="8" ss:StyleID="s65" ss:MergeAcross="1"><ss:Data ss:Type="String">CUSPP</ss:Data></ss:Cell></ss:Row><ss:Row ss:Index="15"><ss:Cell ss:Index="2" ss:StyleID="s62" ss:MergeAcross="1"><ss:Data ss:Type="String">2021-01-01</ss:Data></ss:Cell><ss:Cell ss:Index="4" ss:StyleID="s62" ss:MergeAcross="1"><ss:Data ss:Type="String">Empleado</ss:Data></ss:Cell><ss:Cell ss:Index="6" ss:StyleID="s62" ss:MergeAcross="1"><ss:Data ss:Type="String">Integra</ss:Data></ss:Cell><ss:Cell ss:Index="8" ss:StyleID="s62" ss:MergeAcross="1"><ss:Data ss:Type="String">99999999</ss:Data></ss:Cell></ss:Row><ss:Row ss:Index="16"><ss:Cell ss:Index="2" ss:StyleID="s65" ss:MergeDown="1"><ss:Data ss:Type="String">D&#237;as Laborados</ss:Data></ss:Cell><ss:Cell ss:Index="3" ss:StyleID="s65" ss:MergeDown="1"><ss:Data ss:Type="String">D&#237;as No Laborados</ss:Data></ss:Cell><ss:Cell ss:Index="4" ss:StyleID="s65" ss:MergeDown="1"><ss:Data ss:Type="String">D&#237;as subsidiados</ss:Data></ss:Cell><ss:Cell ss:Index="5" ss:StyleID="s65" ss:MergeDown="1"><ss:Data ss:Type="String">Condici&#243;n</ss:Data></ss:Cell><ss:Cell ss:Index="6" ss:StyleID="s65" ss:MergeAcross="1"><ss:Data ss:Type="String">Jornada Ordinaria</ss:Data></ss:Cell><ss:Cell ss:Index="8" ss:StyleID="s65" ss:MergeAcross="1"><ss:Data ss:Type="String">Sobretiempo</ss:Data></ss:Cell></ss:Row><ss:Row ss:Index="17"><ss:Cell ss:Index="6" ss:StyleID="s65"><ss:Data ss:Type="String">Total Horas</ss:Data></ss:Cell><ss:Cell ss:Index="7" ss:StyleID="s65"><ss:Data ss:Type="String">Minutos</ss:Data></ss:Cell><ss:Cell ss:Index="8" ss:StyleID="s65"><ss:Data ss:Type="String">Total Horas</ss:Data></ss:Cell><ss:Cell ss:Index="9" ss:StyleID="s65"><ss:Data ss:Type="String">Minutos</ss:Data></ss:Cell></ss:Row><ss:Row ss:Index="18"><ss:Cell ss:Index="2" ss:StyleID="s62"><ss:Data ss:Type="String">25.0</ss:Data></ss:Cell><ss:Cell ss:Index="3" ss:StyleID="s62"><ss:Data ss:Type="String">1.0</ss:Data></ss:Cell><ss:Cell ss:Index="4" ss:StyleID="s62"><ss:Data ss:Type="String">3.0</ss:Data></ss:Cell><ss:Cell ss:Index="5" ss:StyleID="s62"><ss:Data ss:Type="String">Especificar</ss:Data></ss:Cell><ss:Cell ss:Index="6" ss:StyleID="s62"><ss:Data ss:Type="String">200.0</ss:Data></ss:Cell><ss:Cell ss:Index="7" ss:StyleID="s62"><ss:Data ss:Type="String" /></ss:Cell><ss:Cell ss:Index="8" ss:StyleID="s62"><ss:Data ss:Type="String">3.0</ss:Data></ss:Cell><ss:Cell ss:Index="9" ss:StyleID="s62"><ss:Data ss:Type="String" /></ss:Cell></ss:Row><ss:Row ss:Index="19"><ss:Cell ss:Index="2" ss:StyleID="s65" ss:MergeAcross="5"><ss:Data ss:Type="String">Motivo de Suspensi&#243;n de Labores</ss:Data></ss:Cell><ss:Cell ss:Index="8" ss:StyleID="s65" ss:MergeAcross="1" ss:MergeDown="1"><ss:Data ss:Type="String">Otros empleadores por Rentas de 5ta categor&#237;a</ss:Data></ss:Cell></ss:Row><ss:Row ss:Index="20"><ss:Cell ss:Index="2" ss:StyleID="s65"><ss:Data ss:Type="String">Tipo</ss:Data></ss:Cell><ss:Cell ss:Index="3" ss:StyleID="s65" ss:MergeAcross="3"><ss:Data ss:Type="String">Motivo</ss:Data></ss:Cell><ss:Cell ss:Index="7" ss:StyleID="s65"><ss:Data ss:Type="String">N.&#186; D&#237;as</ss:Data></ss:Cell></ss:Row><ss:Row ss:Index="21"><ss:Cell ss:Index="2" ss:StyleID="s64"><ss:Data ss:Type="String">Especificar</ss:Data></ss:Cell><ss:Cell ss:Index="3" ss:StyleID="s64" ss:MergeAcross="3"><ss:Data ss:Type="String">Especificar</ss:Data></ss:Cell><ss:Cell ss:Index="7" ss:StyleID="s64"><ss:Data ss:Type="String">Especificar</ss:Data></ss:Cell><ss:Cell ss:Index="8" ss:StyleID="s64" ss:MergeAcross="1"><ss:Data ss:Type="String">Especificar</ss:Data></ss:Cell></ss:Row><ss:Row ss:Index="23"><ss:Cell ss:Index="2" ss:StyleID="s87"><ss:Data ss:Type="String">C&#243;digo</ss:Data></ss:Cell><ss:Cell ss:Index="3" ss:StyleID="s87" ss:MergeAcross="3"><ss:Data ss:Type="String">Conceptos</ss:Data></ss:Cell><ss:Cell ss:Index="7" ss:StyleID="s87"><ss:Data ss:Type="String">Ingresos S/.</ss:Data></ss:Cell><ss:Cell ss:Index="8" ss:StyleID="s87"><ss:Data ss:Type="String">Descuentos S/.</ss:Data></ss:Cell><ss:Cell ss:Index="9" ss:StyleID="s87"><ss:Data ss:Type="String">Neto S/.</ss:Data></ss:Cell></ss:Row><ss:Row ss:Index="24"><ss:Cell ss:Index="2" ss:StyleID="s77" ss:MergeAcross="7"><ss:Data ss:Type="String">Ingresos</ss:Data></ss:Cell></ss:Row><ss:Row ss:Index="25"><ss:Cell ss:Index="2" ss:StyleID="s69"><ss:Data ss:Type="String">BASC</ss:Data></ss:Cell><ss:Cell ss:Index="3" ss:MergeAcross="3"><ss:Data ss:Type="String">B&#225;sico</ss:Data></ss:Cell><ss:Cell ss:Index="7" ss:StyleID="s79"><ss:Data ss:Type="Number">2500.0</ss:Data></ss:Cell><ss:Cell ss:Index="8" ss:StyleID="s70" ss:MergeAcross="1" /></ss:Row><ss:Row ss:Index="26"><ss:Cell ss:Index="2" ss:StyleID="s69"><ss:Data ss:Type="String">BASIC</ss:Data></ss:Cell><ss:Cell ss:Index="3" ss:MergeAcross="3"><ss:Data ss:Type="String">Basic Salary</ss:Data></ss:Cell><ss:Cell ss:Index="7" ss:StyleID="s79"><ss:Data ss:Type="Number">3000.0</ss:Data></ss:Cell><ss:Cell ss:Index="8" ss:StyleID="s70" ss:MergeAcross="1" /></ss:Row><ss:Row ss:Index="27"><ss:Cell ss:Index="2" ss:StyleID="s69"><ss:Data ss:Type="String">ASIF</ss:Data></ss:Cell><ss:Cell ss:Index="3" ss:MergeAcross="3"><ss:Data ss:Type="String">Asignaci&#243;n Familiar</ss:Data></ss:Cell><ss:Cell ss:Index="7" ss:StyleID="s79"><ss:Data ss:Type="Number">0.0</ss:Data></ss:Cell><ss:Cell ss:Index="8" ss:StyleID="s70" ss:MergeAcross="1" /></ss:Row><ss:Row ss:Index="28"><ss:Cell ss:Index="2" ss:StyleID="s69"><ss:Data ss:Type="String">BCAR</ss:Data></ss:Cell><ss:Cell ss:Index="3" ss:MergeAcross="3"><ss:Data ss:Type="String">Bono al Cargo</ss:Data></ss:Cell><ss:Cell ss:Index="7" ss:StyleID="s79"><ss:Data ss:Type="Number">0.0</ss:Data></ss:Cell><ss:Cell ss:Index="8" ss:StyleID="s70" ss:MergeAcross="1" /></ss:Row><ss:Row ss:Index="29"><ss:Cell ss:Index="2" ss:StyleID="s69"><ss:Data ss:Type="String">HE25</ss:Data></ss:Cell><ss:Cell ss:Index="3" ss:MergeAcross="3"><ss:Data ss:Type="String">Horas Extras 25%</ss:Data></ss:Cell><ss:Cell ss:Index="7" ss:StyleID="s79"><ss:Data ss:Type="Number">15.63</ss:Data></ss:Cell><ss:Cell ss:Index="8" ss:StyleID="s70" ss:MergeAcross="1" /></ss:Row><ss:Row ss:Index="30"><ss:Cell ss:Index="2" ss:StyleID="s69"><ss:Data ss:Type="String">HE35</ss:Data></ss:Cell><ss:Cell ss:Index="3" ss:MergeAcross="3"><ss:Data ss:Type="String">Horas Extras 35%</ss:Data></ss:Cell><ss:Cell ss:Index="7" ss:StyleID="s79"><ss:Data ss:Type="Number">33.75</ss:Data></ss:Cell><ss:Cell ss:Index="8" ss:StyleID="s70" ss:MergeAcross="1" /></ss:Row><ss:Row ss:Index="31"><ss:Cell ss:Index="2" ss:StyleID="s69"><ss:Data ss:Type="String">HE10</ss:Data></ss:Cell><ss:Cell ss:Index="3" ss:MergeAcross="3"><ss:Data ss:Type="String">Trabajo en d&#237;a Domingo o Feriado</ss:Data></ss:Cell><ss:Cell ss:Index="7" ss:StyleID="s79"><ss:Data ss:Type="Number">25.0</ss:Data></ss:Cell><ss:Cell ss:Index="8" ss:StyleID="s70" ss:MergeAcross="1" /></ss:Row><ss:Row ss:Index="32"><ss:Cell ss:Index="2" ss:StyleID="s69"><ss:Data ss:Type="String">GRAT</ss:Data></ss:Cell><ss:Cell ss:Index="3" ss:MergeAcross="3"><ss:Data ss:Type="String">Gratificaci&#243;n</ss:Data></ss:Cell><ss:Cell ss:Index="7" ss:StyleID="s79"><ss:Data ss:Type="Number">0.0</ss:Data></ss:Cell><ss:Cell ss:Index="8" ss:StyleID="s70" ss:MergeAcross="1" /></ss:Row><ss:Row ss:Index="33"><ss:Cell ss:Index="2" ss:StyleID="s69"><ss:Data ss:Type="String">BGRA</ss:Data></ss:Cell><ss:Cell ss:Index="3" ss:MergeAcross="3"><ss:Data ss:Type="String">Bonif.Extraordinaria Ley 30334</ss:Data></ss:Cell><ss:Cell ss:Index="7" ss:StyleID="s79"><ss:Data ss:Type="Number">0.0</ss:Data></ss:Cell><ss:Cell ss:Index="8" ss:StyleID="s70" ss:MergeAcross="1" /></ss:Row><ss:Row ss:Index="34"><ss:Cell ss:Index="2" ss:StyleID="s69"><ss:Data ss:Type="String">CNAV</ss:Data></ss:Cell><ss:Cell ss:Index="3" ss:MergeAcross="3"><ss:Data ss:Type="String">Canasta Navidad</ss:Data></ss:Cell><ss:Cell ss:Index="7" ss:StyleID="s79"><ss:Data ss:Type="Number">0.0</ss:Data></ss:Cell><ss:Cell ss:Index="8" ss:StyleID="s70" ss:MergeAcross="1" /></ss:Row><ss:Row ss:Index="35"><ss:Cell ss:Index="2" ss:StyleID="s69"><ss:Data ss:Type="String">DMED</ss:Data></ss:Cell><ss:Cell ss:Index="3" ss:MergeAcross="3"><ss:Data ss:Type="String">Descanso M&#233;dico</ss:Data></ss:Cell><ss:Cell ss:Index="7" ss:StyleID="s79"><ss:Data ss:Type="Number">100.0</ss:Data></ss:Cell><ss:Cell ss:Index="8" ss:StyleID="s70" ss:MergeAcross="1" /></ss:Row><ss:Row ss:Index="36"><ss:Cell ss:Index="2" ss:StyleID="s69"><ss:Data ss:Type="String">SUBE</ss:Data></ss:Cell><ss:Cell ss:Index="3" ss:MergeAcross="3"><ss:Data ss:Type="String">Subsidio por Enfermedad</ss:Data></ss:Cell><ss:Cell ss:Index="7" ss:StyleID="s79"><ss:Data ss:Type="Number">0.0</ss:Data></ss:Cell><ss:Cell ss:Index="8" ss:StyleID="s70" ss:MergeAcross="1" /></ss:Row><ss:Row ss:Index="37"><ss:Cell ss:Index="2" ss:StyleID="s69"><ss:Data ss:Type="String">SUBM</ss:Data></ss:Cell><ss:Cell ss:Index="3" ss:MergeAcross="3"><ss:Data ss:Type="String">Subsidio por Maternidad</ss:Data></ss:Cell><ss:Cell ss:Index="7" ss:StyleID="s79"><ss:Data ss:Type="Number">0.0</ss:Data></ss:Cell><ss:Cell ss:Index="8" ss:StyleID="s70" ss:MergeAcross="1" /></ss:Row><ss:Row ss:Index="38"><ss:Cell ss:Index="2" ss:StyleID="s69"><ss:Data ss:Type="String">LICG</ss:Data></ss:Cell><ss:Cell ss:Index="3" ss:MergeAcross="3"><ss:Data ss:Type="String">Licencia con Goce</ss:Data></ss:Cell><ss:Cell ss:Index="7" ss:StyleID="s79"><ss:Data ss:Type="Number">100.0</ss:Data></ss:Cell><ss:Cell ss:Index="8" ss:StyleID="s70" ss:MergeAcross="1" /></ss:Row><ss:Row ss:Index="39"><ss:Cell ss:Index="2" ss:StyleID="s69"><ss:Data ss:Type="String">OIAF</ss:Data></ss:Cell><ss:Cell ss:Index="3" ss:MergeAcross="3"><ss:Data ss:Type="String">Otros Ingresos Afectos</ss:Data></ss:Cell><ss:Cell ss:Index="7" ss:StyleID="s79"><ss:Data ss:Type="Number">0.0</ss:Data></ss:Cell><ss:Cell ss:Index="8" ss:StyleID="s70" ss:MergeAcross="1" /></ss:Row><ss:Row ss:Index="40"><ss:Cell ss:Index="2" ss:StyleID="s69"><ss:Data ss:Type="String">OINA</ss:Data></ss:Cell><ss:Cell ss:Index="3" ss:MergeAcross="3"><ss:Data ss:Type="String">Otros Ingresos No Afectos</ss:Data></ss:Cell><ss:Cell ss:Index="7" ss:StyleID="s79"><ss:Data ss:Type="Number">0.0</ss:Data></ss:Cell><ss:Cell ss:Index="8" ss:StyleID="s70" ss:MergeAcross="1" /></ss:Row><ss:Row ss:Index="41"><ss:Cell ss:Index="2" ss:StyleID="s69"><ss:Data ss:Type="String">RIAF</ss:Data></ss:Cell><ss:Cell ss:Index="3" ss:MergeAcross="3"><ss:Data ss:Type="String">Reintegro Afecto</ss:Data></ss:Cell><ss:Cell ss:Index="7" ss:StyleID="s79"><ss:Data ss:Type="Number">0.0</ss:Data></ss:Cell><ss:Cell ss:Index="8" ss:StyleID="s70" ss:MergeAcross="1" /></ss:Row><ss:Row ss:Index="42"><ss:Cell ss:Index="2" ss:StyleID="s69"><ss:Data ss:Type="String">RINA</ss:Data></ss:Cell><ss:Cell ss:Index="3" ss:MergeAcross="3"><ss:Data ss:Type="String">Reintegro No Afecto</ss:Data></ss:Cell><ss:Cell ss:Index="7" ss:StyleID="s79"><ss:Data ss:Type="Number">0.0</ss:Data></ss:Cell><ss:Cell ss:Index="8" ss:StyleID="s70" ss:MergeAcross="1" /></ss:Row><ss:Row ss:Index="43"><ss:Cell ss:Index="2" ss:StyleID="s69"><ss:Data ss:Type="String">RVAC</ss:Data></ss:Cell><ss:Cell ss:Index="3" ss:MergeAcross="3"><ss:Data ss:Type="String">Remuneraci&#243;n Vacacional</ss:Data></ss:Cell><ss:Cell ss:Index="7" ss:StyleID="s79"><ss:Data ss:Type="Number">100.0</ss:Data></ss:Cell><ss:Cell ss:Index="8" ss:StyleID="s70" ss:MergeAcross="1" /></ss:Row><ss:Row ss:Index="44"><ss:Cell ss:Index="2" ss:StyleID="s69"><ss:Data ss:Type="String">CVAC</ss:Data></ss:Cell><ss:Cell ss:Index="3" ss:MergeAcross="3"><ss:Data ss:Type="String">Compensaci&#243;n Vacacional</ss:Data></ss:Cell><ss:Cell ss:Index="7" ss:StyleID="s79"><ss:Data ss:Type="Number">0.0</ss:Data></ss:Cell><ss:Cell ss:Index="8" ss:StyleID="s70" ss:MergeAcross="1" /></ss:Row><ss:Row ss:Index="45"><ss:Cell ss:Index="2" ss:StyleID="s69"><ss:Data ss:Type="String">VACT</ss:Data></ss:Cell><ss:Cell ss:Index="3" ss:MergeAcross="3"><ss:Data ss:Type="String">Vacaciones Truncas</ss:Data></ss:Cell><ss:Cell ss:Index="7" ss:StyleID="s79"><ss:Data ss:Type="Number">0.0</ss:Data></ss:Cell><ss:Cell ss:Index="8" ss:StyleID="s70" ss:MergeAcross="1" /></ss:Row><ss:Row ss:Index="46"><ss:Cell ss:Index="2" ss:StyleID="s69"><ss:Data ss:Type="String">GRTR</ss:Data></ss:Cell><ss:Cell ss:Index="3" ss:MergeAcross="3"><ss:Data ss:Type="String">Gratificaci&#243;n Trunca</ss:Data></ss:Cell><ss:Cell ss:Index="7" ss:StyleID="s79"><ss:Data ss:Type="Number">0.0</ss:Data></ss:Cell><ss:Cell ss:Index="8" ss:StyleID="s70" ss:MergeAcross="1" /></ss:Row><ss:Row ss:Index="47"><ss:Cell ss:Index="2" ss:StyleID="s69"><ss:Data ss:Type="String">GRPR</ss:Data></ss:Cell><ss:Cell ss:Index="3" ss:MergeAcross="3"><ss:Data ss:Type="String">Propor. Bonif.Extraordinaria Ley 30334</ss:Data></ss:Cell><ss:Cell ss:Index="7" ss:StyleID="s79"><ss:Data ss:Type="Number">0.0</ss:Data></ss:Cell><ss:Cell ss:Index="8" ss:StyleID="s70" ss:MergeAcross="1" /></ss:Row><ss:Row ss:Index="48"><ss:Cell ss:Index="2" ss:StyleID="s77" ss:MergeAcross="7"><ss:Data ss:Type="String">Descuentos</ss:Data></ss:Cell></ss:Row><ss:Row ss:Index="49"><ss:Cell ss:Index="2" ss:StyleID="s69"><ss:Data ss:Type="String">ADSU</ss:Data></ss:Cell><ss:Cell ss:Index="3" ss:MergeAcross="3"><ss:Data ss:Type="String">Adelanto de Sueldo</ss:Data></ss:Cell><ss:Cell ss:Index="8" ss:StyleID="s79"><ss:Data ss:Type="Number">0.0</ss:Data></ss:Cell><ss:Cell ss:Index="9" ss:StyleID="s70" /></ss:Row><ss:Row ss:Index="50"><ss:Cell ss:Index="2" ss:StyleID="s69"><ss:Data ss:Type="String">PRES</ss:Data></ss:Cell><ss:Cell ss:Index="3" ss:MergeAcross="3"><ss:Data ss:Type="String">Pr&#233;stamo</ss:Data></ss:Cell><ss:Cell ss:Index="8" ss:StyleID="s79"><ss:Data ss:Type="Number">0.0</ss:Data></ss:Cell><ss:Cell ss:Index="9" ss:StyleID="s70" /></ss:Row><ss:Row ss:Index="51"><ss:Cell ss:Index="2" ss:StyleID="s69"><ss:Data ss:Type="String">ADGR</ss:Data></ss:Cell><ss:Cell ss:Index="3" ss:MergeAcross="3"><ss:Data ss:Type="String">Adelanto de Gratificaci&#243;n</ss:Data></ss:Cell><ss:Cell ss:Index="8" ss:StyleID="s79"><ss:Data ss:Type="Number">0.0</ss:Data></ss:Cell><ss:Cell ss:Index="9" ss:StyleID="s70" /></ss:Row><ss:Row ss:Index="52"><ss:Cell ss:Index="2" ss:StyleID="s69"><ss:Data ss:Type="String">APOR</ss:Data></ss:Cell><ss:Cell ss:Index="3" ss:MergeAcross="3"><ss:Data ss:Type="String">AFP.Aporte Obligatorio</ss:Data></ss:Cell><ss:Cell ss:Index="8" ss:StyleID="s79"><ss:Data ss:Type="Number">0.0</ss:Data></ss:Cell><ss:Cell ss:Index="9" ss:StyleID="s70" /></ss:Row><ss:Row ss:Index="53"><ss:Cell ss:Index="2" ss:StyleID="s69"><ss:Data ss:Type="String">COMF</ss:Data></ss:Cell><ss:Cell ss:Index="3" ss:MergeAcross="3"><ss:Data ss:Type="String">AFP. Comisi&#243;n Flujo</ss:Data></ss:Cell><ss:Cell ss:Index="8" ss:StyleID="s79"><ss:Data ss:Type="Number">0.0</ss:Data></ss:Cell><ss:Cell ss:Index="9" ss:StyleID="s70" /></ss:Row><ss:Row ss:Index="54"><ss:Cell ss:Index="2" ss:StyleID="s69"><ss:Data ss:Type="String">COMM</ss:Data></ss:Cell><ss:Cell ss:Index="3" ss:MergeAcross="3"><ss:Data ss:Type="String">AFP. Comisi&#243;n Mixta</ss:Data></ss:Cell><ss:Cell ss:Index="8" ss:StyleID="s79"><ss:Data ss:Type="Number">0.0</ss:Data></ss:Cell><ss:Cell ss:Index="9" ss:StyleID="s70" /></ss:Row><ss:Row ss:Index="55"><ss:Cell ss:Index="2" ss:StyleID="s69"><ss:Data ss:Type="String">SEGV</ss:Data></ss:Cell><ss:Cell ss:Index="3" ss:MergeAcross="3"><ss:Data ss:Type="String">AFP.Seguro de Vida</ss:Data></ss:Cell><ss:Cell ss:Index="8" ss:StyleID="s79"><ss:Data ss:Type="Number">0.0</ss:Data></ss:Cell><ss:Cell ss:Index="9" ss:StyleID="s70" /></ss:Row><ss:Row ss:Index="56"><ss:Cell ss:Index="2" ss:StyleID="s69"><ss:Data ss:Type="String">5CAT</ss:Data></ss:Cell><ss:Cell ss:Index="3" ss:MergeAcross="3"><ss:Data ss:Type="String">RENTA 5TA CATEGORIA</ss:Data></ss:Cell><ss:Cell ss:Index="8" ss:StyleID="s79"><ss:Data ss:Type="Number">0.0</ss:Data></ss:Cell><ss:Cell ss:Index="9" ss:StyleID="s70" /></ss:Row><ss:Row ss:Index="57"><ss:Cell ss:Index="2" ss:StyleID="s69"><ss:Data ss:Type="String">TARD</ss:Data></ss:Cell><ss:Cell ss:Index="3" ss:MergeAcross="3"><ss:Data ss:Type="String">Tardanzas</ss:Data></ss:Cell><ss:Cell ss:Index="8" ss:StyleID="s79"><ss:Data ss:Type="Number">0.42</ss:Data></ss:Cell><ss:Cell ss:Index="9" ss:StyleID="s70" /></ss:Row><ss:Row ss:Index="58"><ss:Cell ss:Index="2" ss:StyleID="s69"><ss:Data ss:Type="String">DEJU</ss:Data></ss:Cell><ss:Cell ss:Index="3" ss:MergeAcross="3"><ss:Data ss:Type="String">Descuento Judicial</ss:Data></ss:Cell><ss:Cell ss:Index="8" ss:StyleID="s79"><ss:Data ss:Type="Number">0.0</ss:Data></ss:Cell><ss:Cell ss:Index="9" ss:StyleID="s70" /></ss:Row><ss:Row ss:Index="59"><ss:Cell ss:Index="2" ss:StyleID="s69"><ss:Data ss:Type="String">EPSE</ss:Data></ss:Cell><ss:Cell ss:Index="3" ss:MergeAcross="3"><ss:Data ss:Type="String">EPS Empleados</ss:Data></ss:Cell><ss:Cell ss:Index="8" ss:StyleID="s79"><ss:Data ss:Type="Number">0.0</ss:Data></ss:Cell><ss:Cell ss:Index="9" ss:StyleID="s70" /></ss:Row><ss:Row ss:Index="60"><ss:Cell ss:Index="2" ss:StyleID="s69"><ss:Data ss:Type="String">ONNP</ss:Data></ss:Cell><ss:Cell ss:Index="3" ss:MergeAcross="3"><ss:Data ss:Type="String">O.N.P.</ss:Data></ss:Cell><ss:Cell ss:Index="8" ss:StyleID="s79"><ss:Data ss:Type="Number">0.0</ss:Data></ss:Cell><ss:Cell ss:Index="9" ss:StyleID="s70" /></ss:Row><ss:Row ss:Index="61"><ss:Cell ss:Index="2" ss:StyleID="s69"><ss:Data ss:Type="String">OTDE</ss:Data></ss:Cell><ss:Cell ss:Index="3" ss:MergeAcross="3"><ss:Data ss:Type="String">Otros Descuentos</ss:Data></ss:Cell><ss:Cell ss:Index="8" ss:StyleID="s79"><ss:Data ss:Type="Number">0.0</ss:Data></ss:Cell><ss:Cell ss:Index="9" ss:StyleID="s70" /></ss:Row><ss:Row ss:Index="62"><ss:Cell ss:Index="2" ss:StyleID="s83" ss:MergeAcross="6"><ss:Data ss:Type="String">Neto a Pagar</ss:Data></ss:Cell><ss:Cell ss:Index="9" ss:StyleID="s82"><ss:Data ss:Type="Number">5874.79</ss:Data></ss:Cell></ss:Row><ss:Row ss:Index="63"><ss:Cell ss:Index="2" ss:StyleID="s73" ss:MergeAcross="7" /></ss:Row><ss:Row ss:Index="64"><ss:Cell ss:Index="2" ss:StyleID="s78" ss:MergeAcross="7"><ss:Data ss:Type="String">Aportes de Empleador</ss:Data></ss:Cell></ss:Row><ss:Row ss:Index="65"><ss:Cell ss:Index="2" ss:StyleID="s69"><ss:Data ss:Type="String">ESSA</ss:Data></ss:Cell><ss:Cell ss:Index="3" ss:MergeAcross="3"><ss:Data ss:Type="String">Essalud</ss:Data></ss:Cell><ss:Cell ss:Index="9" ss:StyleID="s81"><ss:Data ss:Type="Number">0.0</ss:Data></ss:Cell></ss:Row><ss:Row ss:Index="66"><ss:Cell ss:Index="2" ss:StyleID="s69"><ss:Data ss:Type="String">EPSA</ss:Data></ss:Cell><ss:Cell ss:Index="3" ss:MergeAcross="3"><ss:Data ss:Type="String">EPS Aport</ss:Data></ss:Cell><ss:Cell ss:Index="9" ss:StyleID="s81"><ss:Data ss:Type="Number">0.0</ss:Data></ss:Cell></ss:Row><ss:Row ss:Index="67"><ss:Cell ss:Index="2" ss:StyleID="s73" ss:MergeAcross="7" /></ss:Row></ss:Table><ss:WorksheetOptions xmlns="urn:schemas-microsoft-com:office:excel"><PageSetup><Header x:Margin="0.2" x:Data="&amp;amp;Z&amp;amp;&amp;quot;Calibri&amp;quot;&amp;amp;10Superintendencia Nacional de Aduanas y Administraci&#243;n Tributaria&amp;amp;DP&#225;gina: &amp;amp;#" /><Footer x:Margin="0.2" x:Data="Generado por el PDT Planilla Electr&#243;nica PLAME" /><PageMargins x:Top="0.74" x:Right="0.74" x:Bottom="0.98" x:Left="0.98" /></PageSetup><Print><ValidPrinterInfo /><PaperSizeIndex>9</PaperSizeIndex><Scale>80</Scale><HorizontalResolution>600</HorizontalResolution><VerticalResolution>600</VerticalResolution></Print></ss:WorksheetOptions></ss:Worksheet></ss:Workbook>