<?xml version="1.0" encoding="utf-8"?>
<odoo>
	<data noupdate="1">
		<!-- Inherited Views -->		
		<record id="view_hr_payroll_form_1" model="ir.ui.view">
	        <field name="name">view.hr.payroll.form.1</field>
	        <field name="model">hr.payroll.structure</field>
	        <field name="inherit_id" ref="hr_payroll.view_hr_employee_grade_form"/>
	        <field name="arch" type="xml">
	            <field name="schedule_pay" position="after">
	                    <field name="bool_cts" />
	            </field>
	        </field>
	    </record>
	    <record id="view_hr_payroll_form_2" model="ir.ui.view">
	        <field name="name">view.hr.payroll.form.2</field>
	        <field name="model">hr.payslip</field>
	        <field name="inherit_id" ref="hr_payroll.view_hr_payslip_form"/>
	        <field name="arch" type="xml">
	            <field name="number" position="after">
	                    <field name="period_cts" />
	            </field>
	        </field>
	    </record>

		<!-- Structure Type -->
        <record id="structure_type_employee_cts" model="hr.payroll.structure.type">
            <field name="name">CTS</field>
            <field name="country_id" eval="False"/>
            <field name="wage_type">monthly</field>
        </record>

        <!-- Salary Structure -->
        <record id="structure_employee_cts" model="hr.payroll.structure">
        	<field name="name">CTS</field>
            <field name="type_id" ref="structure_type_employee_cts"/>
            <field name="country_id" eval="False"/>
        </record>

        <!-- Salary Rules for Worker Pay-->
        <record id="hr_rule_cts_1" model="hr.salary.rule">
            <field name="amount_select">code</field>
            <field name="code">GR16</field>
            <field name="category_id" ref="hr_payroll.ALW"/>
            <field name="name">1/6 de Gratificación</field>
            <field name="sequence" eval="3"/>
            <field name="amount_python_compute">result = employee.GetGratification(payslip.date_from,payslip.date_to,contract)/6</field>
            <field name="struct_id" ref="structure_employee_cts"/>
        </record>
        <record id="hr_rule_cts_2" model="hr.salary.rule">
            <field name="amount_select">code</field>
            <field name="code">ASFA</field>
            <field name="category_id" ref="hr_payroll.ALW"/>
            <field name="name">Asignacion Familiar</field>
            <field name="sequence" eval="1"/>
            <field name="amount_python_compute">if employee.assignment_family:
    result = 0.1*parameter_obj.get_amount('RMV',payslip.date_from)
else:
    result=0</field>
            <field name="struct_id" ref="structure_employee_cts"/>
        </record>
        <record id="hr_rule_cts_3" model="hr.salary.rule">
            <field name="amount_select">code</field>
            <field name="code">BASIC</field>
            <field name="category_id" ref="hr_payroll.ALW"/>
            <field name="name">Basico</field>
            <field name="sequence" eval="2"/>
            <field name="amount_python_compute">result = contract.wage</field>
            <field name="struct_id" ref="structure_employee_cts"/>
        </record>
         <record id="hr_rule_cts_4" model="hr.salary.rule">
            <field name="amount_select">code</field>
            <field name="code">PBCA</field>
            <field name="category_id" ref="hr_payroll.ALW"/>
            <field name="name">Promedio de Bono Cargo</field>
            <field name="sequence" eval="4"/>
            <field name="amount_python_compute">result = employee.AverageBC(payslip.date_from,payslip.date_to,contract)</field>
            <field name="struct_id" ref="structure_employee_cts"/>
        </record>
         <record id="hr_rule_cts_5" model="hr.salary.rule">
            <field name="amount_select">code</field>
            <field name="code">PHEX</field>
            <field name="category_id" ref="hr_payroll.ALW"/>
            <field name="name">Promedio Horas Extras</field>
            <field name="sequence" eval="5"/>
            <field name="amount_python_compute">result = employee.AverageHE(payslip.date_from,payslip.date_to,contract)</field>
            <field name="struct_id" ref="structure_employee_cts"/>
        </record>
        <record id="hr_rule_cts_6" model="hr.salary.rule">
            <field name="amount_select">code</field>
            <field name="code">CTSA</field>
            <field name="category_id" ref="hr_payroll.ALW"/>
            <field name="name">CTS ANUAL</field>
            <field name="sequence" eval="6"/>
            <field name="amount_python_compute">result = GR16 + ASFA + BASIC + PBCA + PHEX</field>
            <field name="struct_id" ref="structure_employee_cts"/>
        </record>

        <record id="hr_rule_cts_7" model="hr.salary.rule">
            <field name="amount_select">code</field>
            <field name="code">CTSM</field>
            <field name="category_id" ref="hr_payroll.ALW"/>
            <field name="name">CTS Semestral</field>
            <field name="sequence" eval="7"/>
            <field name="amount_python_compute">month = employee.CountDayCts(payslip.date_from,payslip.date_to,contract.date_start,contract.date_end)[0]
day = employee.CountDayCts(payslip.date_from,payslip.date_to,employee.date_entry,contract.date_end)[1]
discount = employee.ComputeDaysDiscount(payslip.date_from,payslip.date_to,contract)
result = ((CTSA/12)*month)+((CTSA/360)*(day-discount))</field>
            <field name="struct_id" ref="structure_employee_cts"/>
        </record>

	</data>
</odoo>