<?xml version="1.0" encoding="utf-8"?>
<odoo>
    <data noupdate="0">
        <!-- structure type -->
        <record id="structure_type_cesa_co" model="hr.payroll.structure.type">
            <field name="name">CESANTÍAS</field>
            <field name="country_id" ref="base.co"/>
            <field name="wage_type">monthly</field>
        </record>

        <!-- Salary Structure -->
        <record id="structure_cesa_co" model="hr.payroll.structure">
            <field name="name">CESANTÍAS</field>
            <field name="type_id" ref="structure_type_cesa_co"/>
            <field name="country_id" ref="base.co"/>
        </record>

        <!-- Input Type-->
        
        <!-- Categories-->
        <record id="bpce_category" model="hr.salary.rule.category">
            <field name="name">BASE PRIMA CESANTÍAS</field>
            <field name="code">BPCE</field>
        </record>

        <record id="dian_category" model="hr.salary.rule.category">
            <field name="name">DIAN</field>
            <field name="code">DIAN</field>
        </record>

        <record id="prim_ce_category" model="hr.salary.rule.category">
            <field name="name">PRCE</field>
            <field name="code">PRCE</field>
        </record>
        
        <!-- Salary rules -->

        <record id="hr_salary_rule_sb_cesa" model="hr.salary.rule">
            <field name="amount_select">code</field>
            <field name="code">SB</field>
            <field name="category_id" ref="hr_payroll_rg_co.sue_category"/>
            <field name="name">SUELDO BASICO</field>
            <field name="sequence" eval="1"/>
            <field name="amount_python_compute">result = employee.AverageWageAnnual(payslip.date_to,['SB'],contract)</field>
            <field name="struct_id" ref="structure_cesa_co"/>
        </record>

        <record id="hr_salary_rule_ext_cesa" model="hr.salary.rule">
            <field name="amount_select">code</field>
            <field name="code">EXT</field>
            <field name="category_id" ref="hr_payroll_rg_co.ext_category"/>
            <field name="name">EXTRAS</field>
            <field name="sequence" eval="2"/>
            <field name="amount_python_compute">result = employee.MethodAverageAnnual(payslip.date_to,['COM','BNS','RES'],contract)</field>
            <field name="struct_id" ref="structure_cesa_co"/>
        </record>

        <record id="hr_salary_rule_he_cesa" model="hr.salary.rule">
            <field name="amount_select">code</field>
            <field name="code">HE</field>
            <field name="category_id" ref="hr_payroll_rg_co.he_category"/>
            <field name="name">HE</field>
            <field name="sequence" eval="3"/>
            <field name="amount_python_compute">result = employee.MethodAverageAnnual(payslip.date_to,['HED','HEN','HFD','HFN'],contract)</field>
            <field name="struct_id" ref="structure_cesa_co"/>
        </record>

        <record id="hr_salary_rule_rc_cesa" model="hr.salary.rule">
            <field name="amount_select">code</field>
            <field name="code">RC</field>
            <field name="category_id" ref="hr_payroll_rg_co.rc_category"/>
            <field name="name">RC</field>
            <field name="sequence" eval="4"/>
            <field name="amount_python_compute">result = employee.MethodAverageAnnual(payslip.date_to,['RF','RN','RNF','FSC'],contract)</field>
            <field name="struct_id" ref="structure_cesa_co"/>
        </record>
         
        <record id="hr_salary_rule_slt_cesa" model="hr.salary.rule">
            <field name="amount_select">code</field>
            <field name="code">SLT</field>
            <field name="category_id" ref="hr_payroll_rg_co.sub_category"/>
            <field name="name">SUBSIDIO DE TRANSPORTE</field>
            <field name="sequence" eval="5"/>
            <field name="amount_python_compute">if categories.SUE + categories.EXT + categories.HE + categories.RC  &lt; parameter_obj.get_amount('SMMLV',payslip.date_from)*2:
                result = parameter_obj.get_amount('SUBSIDIO DE TRANSPORTE',payslip.date_from)
else:
    result = 0</field>
            <field name="struct_id" ref="structure_cesa_co"/>
        </record>
        
        <record id="hr_salary_rule_bpce_cesa" model="hr.salary.rule">
            <field name="amount_select">code</field>
            <field name="code">BPCE</field>
            <field name="category_id" ref="bpce_category"/>
            <field name="name">BASE PRIMA CESANTÍAS</field>
            <field name="sequence" eval="6"/>
            <field name="amount_python_compute">result = categories.SUE + categories.EXT + categories.HE + categories.RC + categories.SUB</field>
            <field name="struct_id" ref="structure_cesa_co"/>
        </record>
        
        <record id="hr_salary_rule_dian_cesa" model="hr.salary.rule">
            <field name="amount_select">code</field>
            <field name="code">DIAN</field>
            <field name="category_id" ref="dian_category"/>
            <field name="name">DIAS ANUAL</field>
            <field name="sequence" eval="7"/>
            <field name="amount_python_compute">result = employee.GetWorkedDaysAnnual(payslip.date_to,contract)</field>
            <field name="struct_id" ref="structure_cesa_co"/>
        </record>

        <record id="hr_salary_rule_prce_cesa" model="hr.salary.rule">
            <field name="amount_select">code</field>
            <field name="code">PRCE</field>
            <field name="category_id" ref="prim_ce_category"/>
            <field name="name">PRIMA CESANTÍAS</field>
            <field name="sequence" eval="8"/>
            <field name="amount_python_compute">result = BPCE*DIAN/360</field>
            <field name="struct_id" ref="structure_cesa_co"/>
        </record>

	</data>
</odoo>