<?xml version="1.0" encoding="UTF-8"?>
<!-- vim:fdl=1: -->
<templates>
    <t t-extend="ListView">
        <t t-jquery=".oe_list_record_selector" t-operation="after">
            <th width="20px"></th>
        </t>
        <t t-jquery=".oe_list_footer" t-operation="before">
            <th width="20px"></th>
        </t>
    </t>

    <t t-extend="ListView.rows">
        <t t-jquery="t:first" t-operation="replace">
            <t t-call="ListView.row">
                <t t-set="record" t-value="records.at(index)"/>
                <t t-set="sequence" t-value="records.indexOf(record) + 1"/>
            </t>
        </t>
    </t>

    <t t-extend="ListView.row">
        <t t-jquery=".oe_list_record_selector" t-operation="after">
            <td><t t-esc="sequence"/></td>
        </t>
    </t>

    <t t-extend="One2Many.listview">
        <t t-jquery="thead" t-operation="replace">
            <thead>
                <tr t-if="(!!options.action_buttons and !options.$buttons) or (!!options.pager and !options.$pager)">
                    <th t-att-colspan="columns_count">
                        <div class="oe_list_buttons"/>
                        <div class="oe_list_sidebar"/>
                        <div class="oe_list_pager"/>
                    </th>
                </tr>
                <tr t-if="options.header" class="oe_list_header_columns">
                    <t t-foreach="columns" t-as="column">
                        <th t-if="column.meta">
                            <t t-esc="column.string"/>
                        </th>
                    </t>
                    <th t-if="options.selectable" width="1"  >
                        <input type="checkbox" class="oe_list_record_selector"/>
                    </th>
                    <th width="1"></th>
                    <t t-foreach="columns" t-as="column">
                        <th t-if="!column.meta and column.invisible !== '1'" t-att-data-id="column.id"
                            t-attf-class="oe_list_header_#{column.widget or column.type} #{((options.sortable and column.tag !== 'button') ? 'oe_sortable' : null)}"><div>
                            <t t-if="column.tag !== 'button'"><t t-esc="column.string"/></t>
                        </div></th>
                    </t>
                    <th t-if="options.deletable" class="oe_list_record_delete" width="13px"/>
                </tr>
            </thead>
        </t>
        <t t-jquery="tfoot" t-operation="replace">
            <tfoot>
                <tr>
                    <td t-if="options.selectable"/>
                    <td width="1"></td>
                    <td t-foreach="aggregate_columns" t-as="column" class="oe_list_footer oe_number"
                        t-att-data-field="column.id" t-att-title="column.label">
                    </td>
                    <td t-if="options.deletable" class="oe_list_record_delete"/>
                </tr>
            </tfoot>
        </t>
    </t>

<t t-name="Many2Many.listview" t-extend="ListView">
        <t t-jquery="thead" t-operation="replace">
            <thead>
                <tr t-if="(!!options.action_buttons and !options.$buttons) or (!!options.pager and !options.$pager)">
                    <th t-att-colspan="columns_count">
                        <div class="oe_list_buttons"/>
                        <div class="oe_list_sidebar"/>
                        <div class="oe_list_pager"/>
                    </th>
                </tr>
                <tr t-if="options.header" class="oe_list_header_columns">
                    <t t-foreach="columns" t-as="column">
                        <th t-if="column.meta">
                            <t t-esc="column.string"/>
                        </th>
                    </t>
                    <th t-if="options.selectable" width="1"  >
                        <input type="checkbox" class="oe_list_record_selector"/>
                    </th>
                    <th width="1"></th>
                    <t t-foreach="columns" t-as="column">
                        <th t-if="!column.meta and column.invisible !== '1'" t-att-data-id="column.id"
                            t-attf-class="oe_list_header_#{column.widget or column.type} #{((options.sortable and column.tag !== 'button') ? 'oe_sortable' : null)}"><div>
                            <t t-if="column.tag !== 'button'"><t t-esc="column.string"/></t>
                        </div></th>
                    </t>
                    <th t-if="options.deletable" class="oe_list_record_delete" width="13px"/>
                </tr>
            </thead>
        </t>
        <t t-jquery="tfoot" t-operation="replace">
            <tfoot>
                <tr>
                    <td t-if="options.selectable"/>
                    <td width="1"></td>
                    <td t-foreach="aggregate_columns" t-as="column" class="oe_list_footer oe_number"
                        t-att-data-field="column.id" t-att-title="column.label">
                    </td>
                    <td t-if="options.deletable" class="oe_list_record_delete"/>
                </tr>
            </tfoot>
        </t>
</t>

</templates>