id,name,model_id:id,group_id:id,perm_read,perm_write,perm_create,perm_unlink
access_hr_others_incomes_expenses_user,access_hr_others_incomes_expenses_user,model_hr_others_incomes_expenses,base.group_user,1,0,0,0
access_hr_others_incomes_expenses_manager,access_hr_others_incomes_expenses_manager,model_hr_others_incomes_expenses,hr.group_hr_manager,1,1,1,1
access_hr_others_incomes_expenses_line_user,access_hr_others_incomes_expenses_line_user,model_hr_others_incomes_expenses_line,base.group_user,1,0,0,0
access_hr_others_incomes_expenses_line_manager,access_hr_others_incomes_expenses_line_manager,model_hr_others_incomes_expenses_line,hr.group_hr_manager,1,1,1,1
access_hr_others_incomes_expense_wizard_manager,access_hr_others_incomes_expense_wizard_manager,model_hr_others_incomes_expense_wizard,hr.group_hr_manager,1,1,1,1
